InTemp,InHumid,DoorState,Power,TIME,Temp_outside,Pi_consmp,GES(inKWh),Power_final,Power_Source,Power_Used
14.0,69.6,CLOSED,ON,00:03:00,18.89,8.1799591,0.0,3.825,BES-Limit Alteration,3.825
13.9,68.6,CLOSED,ON,00:04:00,18.89,8.016032064,0.0,3.461111111166667,BES-Limit Alteration,3.461111111166667
13.8,69.8,CLOSED,ON,00:08:00,18.89,7.858546169,0.0,3.8847222225,BES-Limit Alteration,3.8847222225
13.8,70.7,CLOSED,ON,00:09:00,18.89,7.858546169,0.0,3.96666666675,BES-Limit Alteration,3.96666666675
13.8,73.1,CLOSED,ON,00:13:00,18.89,7.858546169,0.0,3.806944444166666,BES-Limit Alteration,3.806944444166666
13.8,74.3,CLOSED,ON,00:17:00,18.89,7.858546169,0.0,3.713888889166667,BES-Limit Alteration,3.713888889166667
13.7,74.0,CLOSED,ON,00:18:00,18.89,7.707129094,0.0,3.84027777775,BES-Limit Alteration,3.84027777775
13.6,68.3,CLOSED,ON,00:22:00,17.78,9.56937799,0.0,3.747222222333333,BES-Limit Alteration,3.747222222333333
13.5,68.1,CLOSED,ON,00:23:00,17.78,9.345794393,0.0,5.03194444475,BES-Limit Alteration,5.03194444475
13.4,71.0,CLOSED,ON,00:27:00,17.78,9.132420091,0.0,3.873611111333333,BES-Limit Alteration,3.873611111333333
13.4,71.8,CLOSED,ON,00:28:00,17.78,9.132420091,0.0,3.9111111114166666,BES-Limit Alteration,3.9111111114166666
13.5,74.0,CLOSED,ON,00:32:00,17.78,9.345794393,0.0,3.6527777779166666,BES-Limit Alteration,3.6527777779166666
13.5,74.4,CLOSED,ON,00:33:00,17.78,9.345794393,0.0,3.67916666675,BES-Limit Alteration,3.67916666675
13.4,74.7,CLOSED,ON,00:37:00,17.78,9.132420091,0.0,3.968055555583333,BES-Limit Alteration,3.968055555583333
13.4,73.2,CLOSED,ON,00:38:00,17.78,9.132420091,0.0,3.7347222221666665,BES-Limit Alteration,3.7347222221666665
13.2,68.7,CLOSED,ON,00:42:00,17.78,8.733624454,0.0,3.677777777666667,BES-Limit Alteration,3.677777777666667
13.3,69.1,CLOSED,ON,00:43:00,17.78,8.928571429,0.0,3.74583333325,BES-Limit Alteration,3.74583333325
13.2,72.2,CLOSED,ON,00:47:00,17.78,8.733624454,0.0,3.681944444333333,BES-Limit Alteration,3.681944444333333
13.2,73.1,CLOSED,ON,00:48:00,17.78,8.733624454,0.0,3.8194444445,BES-Limit Alteration,3.8194444445
13.3,75.6,CLOSED,ON,00:52:00,17.78,8.928571429,0.0,3.8458333335,BES-Limit Alteration,3.8458333335
13.2,75.9,CLOSED,ON,00:53:00,17.78,8.733624454,0.0,3.813888889083333,BES-Limit Alteration,3.813888889083333
13.2,74.4,CLOSED,ON,00:57:00,17.78,8.733624454,0.0,3.6722222225833336,BES-Limit Alteration,3.6722222225833336
13.1,73.6,CLOSED,ON,00:58:00,17.78,8.547008547,0.0,3.8541666665,BES-Limit Alteration,3.8541666665
13.0,69.6,CLOSED,ON,01:02:00,17.78,8.368200837,0.0,3.804166666583333,BES-Limit Alteration,3.804166666583333
13.0,70.2,CLOSED,ON,01:03:00,17.78,8.368200837,0.0,3.726388888833333,BES-Limit Alteration,3.726388888833333
12.9,73.7,CLOSED,ON,01:07:00,17.78,8.196721311,0.0,3.82222222225,BES-Limit Alteration,3.82222222225
13.0,74.5,CLOSED,ON,01:08:00,17.78,8.368200837,0.0,3.647222222583333,BES-Limit Alteration,3.647222222583333
13.0,76.5,CLOSED,ON,01:12:00,17.78,8.368200837,0.0,3.82916666675,BES-Limit Alteration,3.82916666675
13.0,76.7,CLOSED,ON,01:13:00,17.78,8.368200837,0.0,3.76527777775,BES-Limit Alteration,3.76527777775
13.0,76.5,CLOSED,ON,01:17:00,17.78,8.368200837,0.0,3.7666666664166666,BES-Limit Alteration,3.7666666664166666
12.9,70.4,CLOSED,ON,01:21:00,17.78,8.196721311,0.0,3.843055555416667,BES-Limit Alteration,3.843055555416667
12.8,70.4,CLOSED,ON,01:22:00,17.78,8.032128514,0.0,3.888888889083333,BES-Limit Alteration,3.888888889083333
12.8,73.7,CLOSED,ON,01:26:00,17.78,8.032128514,0.0,3.7847222221666654,BES-Limit Alteration,3.7847222221666654
12.8,74.7,CLOSED,ON,01:27:00,17.78,8.032128514,0.0,3.469444444,BES-Limit Alteration,3.469444444
12.9,77.5,CLOSED,ON,01:32:00,17.78,8.196721311,0.0,3.82916666675,BES-Limit Alteration,3.82916666675
12.9,78.0,CLOSED,ON,01:33:00,17.78,8.196721311,0.0,3.7749999999166666,BES-Limit Alteration,3.7749999999166666
12.8,76.1,CLOSED,ON,01:37:00,17.78,8.032128514,0.0,3.8305555555,BES-Limit Alteration,3.8305555555
12.8,74.3,CLOSED,ON,01:38:00,17.78,8.032128514,0.0,3.915277778083333,BES-Limit Alteration,3.915277778083333
12.7,71.5,CLOSED,ON,01:42:00,17.78,7.874015748,0.0,3.886111111,BES-Limit Alteration,3.886111111
12.7,72.4,CLOSED,ON,01:43:00,17.78,7.874015748,0.0,3.709722222333333,Grid-Limit Alteration,3.709722222333333
12.7,75.8,CLOSED,ON,01:47:00,17.78,7.874015748,0.0,3.9958333336666665,Grid-Limit Alteration,3.9958333336666665
12.7,76.6,CLOSED,ON,01:48:00,17.78,7.874015748,0.0,3.7513888889166656,Grid,3.7513888889166656
12.7,78.7,CLOSED,ON,01:53:00,17.22,8.849557522,0.0,3.84583333325,Grid,3.84583333325
12.8,79.1,CLOSED,ON,01:54:00,17.22,9.049773756,0.0,3.691666666666667,Grid,3.691666666666667
12.6,72.8,CLOSED,ON,01:59:00,17.22,8.658008658,0.0,3.772222222333333,Grid,3.772222222333333
12.6,71.8,CLOSED,ON,02:00:00,17.22,8.658008658,0.0,3.8125000001666662,Grid,3.8125000001666662
12.6,71.7,CLOSED,ON,02:01:00,17.22,8.658008658,0.0,3.93749999975,Grid,3.93749999975
12.6,75.3,CLOSED,ON,02:05:00,17.22,8.658008658,0.0,3.72499999975,Grid,3.72499999975
12.6,75.9,CLOSED,ON,02:06:00,17.22,8.658008658,0.0,3.8444444448333335,Grid,3.8444444448333335
12.6,76.8,CLOSED,ON,02:07:00,17.22,8.658008658,0.0,3.8638888886666662,Grid,3.8638888886666662
12.6,79.0,CLOSED,ON,02:11:00,17.22,8.658008658,0.0,3.6027777779166663,Grid,3.6027777779166663
12.6,79.4,CLOSED,ON,02:12:00,17.22,8.658008658,0.0,3.83888888875,Grid,3.83888888875
12.7,79.6,CLOSED,ON,02:13:00,17.22,8.849557522,0.0,3.75416666675,Grid,3.75416666675
12.5,74.1,CLOSED,ON,02:18:00,17.22,8.474576271,0.0,3.7652777778333335,Grid,3.7652777778333335
12.5,72.8,CLOSED,ON,02:19:00,17.22,8.474576271,0.0,3.79722222225,Grid,3.79722222225
12.5,75.9,CLOSED,ON,02:24:00,17.22,8.474576271,0.0,3.7680555553333335,Grid,3.7680555553333335
12.5,76.5,CLOSED,ON,02:25:00,17.22,8.474576271,0.0,3.477777778,Grid,3.477777778
12.4,77.2,CLOSED,ON,02:26:00,17.22,8.298755187,0.0,3.8416666665,Grid,3.8416666665
12.5,79.6,CLOSED,ON,02:30:00,17.22,8.474576271,0.0,3.773611111,Grid,3.773611111
12.5,80.0,CLOSED,ON,02:31:00,17.22,8.474576271,0.0,3.7861111110833336,Grid,3.7861111110833336
12.5,80.3,CLOSED,ON,02:32:00,17.22,8.474576271,0.0,3.7402777779166665,Grid,3.7402777779166665
12.5,77.0,CLOSED,ON,02:36:00,17.22,8.474576271,0.0,3.9152777776666663,Grid,3.9152777776666663
12.5,75.3,CLOSED,ON,02:37:00,17.22,8.474576271,0.0,3.7944444445,Grid,3.7944444445
12.4,73.8,CLOSED,ON,02:38:00,17.22,8.298755187,0.0,3.779166666583333,Grid,3.779166666583333
12.4,76.5,CLOSED,ON,02:43:00,17.22,8.298755187,0.0,3.834722222333333,Grid,3.834722222333333
12.4,77.4,CLOSED,ON,02:44:00,17.22,8.298755187,0.0,3.7305555551666663,Grid,3.7305555551666663
12.5,80.3,CLOSED,ON,02:49:00,17.22,8.474576271,0.0,3.866666666833333,Grid,3.866666666833333
12.4,80.6,CLOSED,ON,02:50:00,17.22,8.298755187,0.0,3.937499999916666,Grid,3.937499999916666
12.5,81.2,CLOSED,ON,02:51:00,17.22,8.474576271,0.0,3.61111111125,Grid,3.61111111125
12.4,76.6,CLOSED,ON,02:56:00,17.22,8.298755187,0.0,3.720833333333333,Grid,3.720833333333333
12.4,75.1,CLOSED,ON,02:57:00,17.22,8.298755187,0.0,3.873611110916667,Grid,3.873611110916667
12.3,76.9,CLOSED,ON,03:02:00,17.22,8.130081301,0.0,3.752777777833333,Grid,3.752777777833333
12.3,77.8,CLOSED,ON,03:03:00,17.22,8.130081301,0.0,3.7083333333333335,Grid,3.7083333333333335
12.3,78.6,CLOSED,ON,03:04:00,17.22,8.130081301,0.0,3.7861111109166665,Grid,3.7861111109166665
12.4,81.4,CLOSED,ON,03:09:00,17.22,8.298755187,0.0,3.8625000000833336,Grid,3.8625000000833336
12.4,81.8,CLOSED,ON,03:10:00,17.22,8.298755187,0.0,3.8041666665,Grid,3.8041666665
12.4,78.2,CLOSED,ON,03:15:00,17.22,8.298755187,0.0,3.737499999833333,Grid,3.737499999833333
12.3,76.8,CLOSED,ON,03:16:00,17.22,8.130081301,0.0,3.8055555556666665,Grid,3.8055555556666665
12.3,75.8,CLOSED,ON,03:17:00,17.22,8.130081301,0.0,3.7069444445,Grid,3.7069444445
12.2,78.7,CLOSED,ON,03:22:00,16.11,10.23017903,0.0,3.7749999999166666,Grid,3.7749999999166666
12.3,79.6,CLOSED,ON,03:23:00,16.11,10.49868766,0.0,3.858333333083333,Grid,3.858333333083333
12.3,82.4,CLOSED,ON,03:28:00,16.11,10.49868766,0.0,3.7972222220833336,Grid,3.7972222220833336
12.3,82.5,CLOSED,ON,03:29:00,16.11,10.49868766,0.0,3.7222222221666654,Grid,3.7222222221666654
12.3,83.2,CLOSED,ON,03:30:00,16.11,10.49868766,0.0,3.97500000025,Grid,3.97500000025
12.3,80.1,CLOSED,ON,03:35:00,16.11,10.49868766,0.0,3.85972222225,Grid,3.85972222225
12.2,78.4,CLOSED,ON,03:36:00,16.11,10.23017903,0.0,3.90694444475,Grid,3.90694444475
12.2,77.5,CLOSED,ON,03:37:00,16.11,10.23017903,0.0,3.6875,Grid,3.6875
12.1,78.8,CLOSED,ON,03:41:00,16.11,9.975062344,0.0,3.6402777778333335,Grid,3.6402777778333335
12.1,79.9,CLOSED,ON,03:42:00,16.11,9.975062344,0.0,3.7819444445,Grid,3.7819444445
12.2,80.5,CLOSED,ON,03:43:00,16.11,10.23017903,0.0,3.83472222225,Grid,3.83472222225
12.3,83.3,CLOSED,ON,03:48:00,16.11,10.49868766,0.0,3.87083333325,Grid,3.87083333325
12.3,83.5,CLOSED,ON,03:49:00,16.11,10.49868766,0.0,3.8805555559166662,Grid,3.8805555559166662
12.3,82.3,CLOSED,ON,03:54:00,16.11,10.49868766,0.0,3.719444444583333,Grid,3.719444444583333
12.3,80.6,CLOSED,ON,03:55:00,16.11,10.49868766,0.0,3.808333333416667,Grid,3.808333333416667
12.2,78.9,CLOSED,ON,03:56:00,16.11,10.23017903,0.0,3.809722222,Grid,3.809722222
12.1,79.9,CLOSED,ON,04:01:00,16.11,9.975062344,0.0,3.713888889,Grid,3.713888889
12.1,80.7,CLOSED,ON,04:02:00,16.11,9.975062344,0.0,3.711111110916667,Grid,3.711111110916667
12.2,81.3,CLOSED,ON,04:03:00,16.11,10.23017903,0.0,3.723611111166667,Grid,3.723611111166667
12.2,83.9,CLOSED,ON,04:08:00,16.11,10.23017903,0.0,3.9124999999166663,Grid,3.9124999999166663
12.2,84.2,CLOSED,ON,04:09:00,16.11,10.23017903,0.0,3.845833332916667,Grid,3.845833332916667
12.2,81.7,CLOSED,ON,04:14:00,16.11,10.23017903,0.0,3.908333333083333,Grid,3.908333333083333
12.2,80.3,CLOSED,ON,04:15:00,16.11,10.23017903,0.0,3.747222222333333,Grid,3.747222222333333
12.1,78.8,CLOSED,ON,04:16:00,16.11,9.975062344,0.0,3.695833333333333,Grid,3.695833333333333
12.1,80.3,CLOSED,ON,04:21:00,16.11,9.975062344,0.0,3.7750000001666666,Grid,3.7750000001666666
12.1,81.1,CLOSED,ON,04:22:00,16.11,9.975062344,0.0,3.8222222225,Grid,3.8222222225
12.1,81.8,CLOSED,ON,04:23:00,16.11,9.975062344,0.0,3.8277777775833335,Grid,3.8277777775833335
12.2,83.7,CLOSED,ON,04:28:00,16.11,10.23017903,0.0,3.876388889,Grid,3.876388889
12.2,84.1,CLOSED,ON,04:29:00,16.11,10.23017903,0.0,3.7347222221666665,Grid,3.7347222221666665
12.2,84.4,CLOSED,ON,04:30:00,16.11,10.23017903,0.0,3.691666666583333,Grid,3.691666666583333
12.1,80.3,CLOSED,ON,04:35:00,16.11,9.975062344,0.0,3.85138888925,Grid,3.85138888925
12.1,78.9,CLOSED,ON,04:36:00,16.11,9.975062344,0.0,3.790277778083333,Grid,3.790277778083333
12.1,81.0,CLOSED,ON,04:42:00,16.11,9.975062344,0.0,3.702777778,Grid,3.702777778
12.1,81.6,CLOSED,ON,04:43:00,16.11,9.975062344,0.0,3.6930555555,Grid,3.6930555555
12.2,84.8,CLOSED,ON,04:49:00,16.11,10.23017903,0.0,3.7,Grid,3.7
12.2,85.1,CLOSED,ON,04:50:00,16.11,10.23017903,0.0,3.7819444446666655,Grid,3.7819444446666655
12.2,85.3,CLOSED,ON,04:51:00,17.22,7.96812749,0.0,3.784722222416667,Grid,3.784722222416667
12.1,78.2,CLOSED,ON,04:57:00,17.22,7.8125,0.0,3.84444444425,Grid,3.84444444425
12.1,78.3,CLOSED,ON,04:58:00,17.22,7.8125,0.0,3.879166666666667,Grid,3.879166666666667
12.0,78.6,CLOSED,ON,04:59:00,17.22,7.662835249,0.0,3.8263888889166666,Grid,3.8263888889166666
12.0,79.2,CLOSED,ON,05:00:00,17.22,7.662835249,0.0,3.718055555416667,Grid,3.718055555416667
12.1,82.9,CLOSED,ON,05:05:00,17.22,7.8125,0.0,3.7569444443333335,Grid,3.7569444443333335
12.1,83.5,CLOSED,ON,05:06:00,17.22,7.8125,0.0,3.874999999833333,Grid,3.874999999833333
12.1,83.9,CLOSED,ON,05:07:00,17.22,7.8125,0.0,3.93333333325,Grid,3.93333333325
12.2,84.5,CLOSED,ON,05:08:00,17.22,7.96812749,0.0,3.698611111166667,Grid,3.698611111166667
12.1,81.7,CLOSED,ON,05:14:00,17.22,7.8125,0.0,3.7208333335,Grid,3.7208333335
12.1,79.7,CLOSED,ON,05:15:00,17.22,7.8125,0.0,3.722222222083333,Grid,3.722222222083333
12.1,78.6,CLOSED,ON,05:16:00,17.22,7.8125,0.0,3.6958333335,Grid,3.6958333335
12.0,81.4,CLOSED,ON,05:23:00,16.11,9.732360097,0.0,3.72222222225,Grid,3.72222222225
12.1,82.2,CLOSED,ON,05:24:00,16.11,9.975062344,0.0,3.815277777833333,Grid,3.815277777833333
12.1,82.8,CLOSED,ON,05:25:00,16.11,9.975062344,0.0,3.8555555555,Grid,3.8555555555
12.1,85.1,CLOSED,ON,05:31:00,16.11,9.975062344,0.0,3.8472222221666654,Grid,3.8472222221666654
12.1,84.5,CLOSED,ON,05:32:00,16.11,9.975062344,0.0,3.80694444425,Grid,3.80694444425
12.1,82.9,CLOSED,ON,05:33:00,16.11,9.975062344,0.0,3.8208333335,Grid,3.8208333335
12.0,78.3,CLOSED,ON,05:39:00,16.11,9.732360097,0.0,3.708333333416667,Grid,3.708333333416667
12.0,79.1,CLOSED,ON,05:40:00,16.11,9.732360097,0.0,3.626388888666667,Grid,3.626388888666667
12.0,79.7,CLOSED,ON,05:41:00,16.11,9.732360097,0.0,3.661111111,Grid,3.661111111
12.0,80.6,CLOSED,ON,05:42:00,16.11,9.732360097,0.0,3.972222222333333,Grid,3.972222222333333
12.1,84.5,CLOSED,ON,05:48:00,16.11,9.975062344,0.0,3.881944444583333,Grid,3.881944444583333
12.2,84.8,CLOSED,ON,05:49:00,16.11,10.23017903,0.0,3.8250000000833335,Grid,3.8250000000833335
12.2,85.1,CLOSED,ON,05:50:00,16.11,10.23017903,0.0,3.8666666666666663,Grid,3.8666666666666663
12.1,84.9,CLOSED,ON,05:51:00,16.11,9.975062344,0.0,3.81249999975,Grid,3.81249999975
12.0,77.4,CLOSED,ON,05:57:00,16.11,9.732360097,0.0,3.7791666665,Grid,3.7791666665
12.0,77.5,CLOSED,ON,05:58:00,16.11,9.732360097,0.0,3.75,Grid,3.75
11.9,78.1,CLOSED,ON,05:59:00,16.11,9.501187648,0.0,3.911111111,Grid,3.911111111
12.1,83.4,CLOSED,ON,06:06:00,16.11,9.975062344,0.0,3.8944444444166666,Grid,3.8944444444166666
12.1,83.9,CLOSED,ON,06:07:00,16.11,9.975062344,0.0,3.997222222333333,Grid,3.997222222333333
12.1,84.3,CLOSED,ON,06:08:00,16.11,9.975062344,0.0,3.7749999999166666,Grid,3.7749999999166666
12.0,80.4,CLOSED,ON,06:14:00,16.11,9.732360097,0.0,3.85416666675,Grid,3.85416666675
12.0,78.8,CLOSED,ON,06:15:00,16.11,9.732360097,0.0,3.594444444333333,Grid,3.594444444333333
12.0,77.7,CLOSED,ON,06:16:00,16.11,9.732360097,0.0,3.79305555525,Grid,3.79305555525
11.9,77.2,CLOSED,ON,06:17:00,16.11,9.501187648,0.0,3.74861111125,Grid,3.74861111125
12.0,81.6,CLOSED,ON,06:23:00,16.11,9.732360097,0.0,3.9236111109166663,Grid,3.9236111109166663
12.0,82.2,CLOSED,ON,06:24:00,16.11,9.732360097,0.0,3.830555555416667,Grid,3.830555555416667
12.0,82.6,CLOSED,ON,06:25:00,16.11,9.732360097,0.0,3.9013888890833335,Grid,3.9013888890833335
12.0,83.3,CLOSED,ON,06:26:00,16.11,9.732360097,0.0,3.85138888875,Grid,3.85138888875
12.1,83.1,CLOSED,ON,06:33:00,16.11,9.975062344,0.0053,3.751388889083333,Grid,3.751388889083333
12.0,81.3,CLOSED,ON,06:34:00,16.11,9.732360097,0.0053,3.78472222225,Grid,3.78472222225
12.0,79.5,CLOSED,ON,06:35:00,16.11,9.732360097,0.0053,3.7791666664166654,Grid,3.7791666664166654
12.0,81.0,CLOSED,ON,06:42:00,16.11,9.732360097,0.0053,3.870833333,Grid,3.870833333
12.0,81.6,CLOSED,ON,06:43:00,16.11,9.732360097,0.0053,3.7944444446666665,Grid,3.7944444446666665
12.0,82.5,CLOSED,ON,06:44:00,16.11,9.732360097,0.0053,3.7972222221666665,Grid,3.7972222221666665
12.0,83.1,CLOSED,ON,06:45:00,16.11,9.732360097,0.0053,3.8680555556666665,Grid,3.8680555556666665
12.1,84.9,CLOSED,ON,06:51:00,16.11,9.975062344,0.88,3.841666667,Grid,3.841666667
12.0,83.9,CLOSED,ON,06:52:00,16.11,9.732360097,0.88,3.9347222224166662,Grid,3.9347222224166662
12.0,82.4,CLOSED,ON,06:53:00,16.11,9.732360097,0.88,3.7763888890833335,Grid,3.7763888890833335
11.9,79.2,CLOSED,ON,07:00:00,16.11,9.501187648,0.88,6.125000000916667,Grid,6.125000000916667
11.9,80.0,CLOSED,ON,07:01:00,16.11,9.501187648,0.266,3.79166666675,Grid,3.79166666675
11.9,80.7,CLOSED,ON,07:02:00,16.11,9.501187648,0.266,3.979166666583333,Grid,3.979166666583333
12.0,84.6,CLOSED,ON,07:09:00,16.11,9.732360097,0.266,3.798611111083333,Grid,3.798611111083333
12.0,84.9,CLOSED,ON,07:10:00,16.11,9.732360097,0.266,3.805555555583333,Grid,3.805555555583333
12.0,84.6,CLOSED,ON,07:11:00,16.11,9.732360097,0.266,3.675000000166667,Grid,3.675000000166667
12.0,83.9,CLOSED,ON,07:12:00,16.11,9.732360097,0.266,3.761111111166667,Grid,3.761111111166667
11.9,78.8,CLOSED,ON,07:19:00,16.11,9.501187648,0.502,3.83194444475,Grid,3.83194444475
11.9,79.8,CLOSED,ON,07:20:00,16.11,9.501187648,0.502,3.780555556,Grid,3.780555556
11.9,80.7,CLOSED,ON,07:21:00,16.11,9.501187648,0.502,3.937500000083333,Grid,3.937500000083333
12.0,85.2,CLOSED,ON,07:28:00,16.11,9.732360097,0.502,5.2319444449166665,Grid,5.2319444449166665
12.0,85.5,CLOSED,ON,07:29:00,16.11,9.732360097,0.502,3.920833333333333,Grid,3.920833333333333
12.0,85.9,CLOSED,ON,07:30:00,16.11,9.732360097,0.502,3.7791666664166654,Grid,3.7791666664166654
11.8,79.2,CLOSED,ON,07:38:00,16.11,9.280742459,0.862,3.658333333333333,Grid,3.658333333333333
11.8,79.7,CLOSED,ON,07:39:00,16.11,9.280742459,0.862,3.6083333331666663,Grid,3.6083333331666663
11.8,80.6,CLOSED,ON,07:40:00,16.11,9.280742459,0.862,3.649999999833333,Grid,3.649999999833333
11.9,85.7,CLOSED,ON,07:48:00,16.11,9.501187648,1.367,3.78055555575,Grid,3.78055555575
11.9,85.9,CLOSED,ON,07:49:00,16.11,9.501187648,1.367,3.77083333325,Grid,3.77083333325
11.9,86.2,CLOSED,ON,07:50:00,16.11,9.501187648,1.367,3.67777777775,Grid,3.67777777775
12.0,86.3,CLOSED,ON,07:51:00,17.78,6.920415225,1.367,3.745833333333333,Grid,3.745833333333333
11.9,85.9,CLOSED,ON,07:52:00,17.78,6.802721088,1.367,3.765277778083333,Grid,3.765277778083333
11.8,81.2,CLOSED,ON,08:01:00,17.78,6.688963211,2.041,3.7083333331666655,Grid,3.7083333331666655
11.7,82.0,CLOSED,ON,08:02:00,17.78,6.578947368,2.041,3.8027777779166665,Grid,3.8027777779166665
11.8,82.8,CLOSED,ON,08:03:00,17.78,6.688963211,2.041,3.7847222221666654,Grid,3.7847222221666654
11.8,83.5,CLOSED,ON,08:04:00,17.78,6.688963211,2.041,3.622222222333333,Grid,3.622222222333333
11.9,84.2,CLOSED,ON,08:05:00,17.78,6.802721088,2.041,3.7097222224166666,Grid,3.7097222224166666
11.9,82.8,CLOSED,ON,08:14:00,17.78,6.802721088,2.041,3.78750000025,Grid,3.78750000025
11.9,81.2,CLOSED,ON,08:15:00,17.78,6.802721088,2.041,3.777777778083333,Grid,3.777777778083333
11.8,79.8,CLOSED,ON,08:16:00,17.78,6.688963211,2.695,3.8291666664166666,Grid,3.8291666664166666
11.8,79.3,CLOSED,ON,08:17:00,17.78,6.688963211,2.695,3.7416666664166662,Grid,3.7416666664166662
11.8,79.5,CLOSED,ON,08:18:00,17.78,6.688963211,2.695,3.76527777775,Grid,3.76527777775
11.9,85.8,CLOSED,ON,08:28:00,18.89,5.722460658,2.695,3.825,Grid,3.825
11.9,86.3,CLOSED,ON,08:29:00,18.89,5.722460658,2.695,3.791666666583333,Grid,3.791666666583333
11.9,86.5,CLOSED,ON,08:30:00,18.89,5.722460658,2.695,3.5402777776666667,Grid,3.5402777776666667
12.0,86.5,CLOSED,ON,08:31:00,18.89,5.805515239,3.336,3.7930555555,Grid,3.7930555555
11.9,81.7,CLOSED,ON,08:41:00,18.89,5.722460658,3.336,3.872222222,Grid,3.872222222
11.8,82.4,CLOSED,ON,08:42:00,18.89,5.641748942,3.336,3.8055555555,Grid,3.8055555555
11.8,82.9,CLOSED,ON,08:43:00,18.89,5.641748942,3.336,3.7138888889166655,Grid,3.7138888889166655
11.9,83.6,CLOSED,ON,08:44:00,18.89,5.722460658,3.336,3.773611111166667,Grid,3.773611111166667
11.9,84.1,CLOSED,ON,08:45:00,18.89,5.722460658,3.336,3.849999999833333,Grid,3.849999999833333
11.9,80.1,CLOSED,ON,08:55:00,18.89,5.722460658,3.972,3.7958333331666663,RES,3.7958333331666663
11.8,79.1,CLOSED,ON,08:56:00,18.89,5.641748942,3.972,3.85555555525,RES,3.85555555525
11.9,78.9,CLOSED,ON,08:57:00,18.89,5.722460658,3.972,3.83749999975,RES,3.83749999975
11.8,79.1,CLOSED,ON,08:58:00,18.89,5.641748942,3.972,3.8333333333333335,RES,3.8333333333333335
11.8,79.8,CLOSED,ON,08:59:00,18.89,5.641748942,3.972,3.666666666583333,RES,3.666666666583333
12.0,86.0,CLOSED,ON,09:09:00,18.89,5.805515239,4.145,4.05694444475,RES,4.05694444475
12.0,86.3,CLOSED,ON,09:10:00,18.89,5.805515239,4.145,3.855555555583333,RES,3.855555555583333
12.0,85.8,CLOSED,ON,09:11:00,18.89,5.805515239,4.145,3.601388889,RES,3.601388889
12.0,84.6,CLOSED,ON,09:12:00,18.89,5.805515239,4.145,3.6541666665,RES,3.6541666665
11.9,82.9,CLOSED,ON,09:13:00,18.89,5.722460658,4.145,3.74444444425,RES,3.74444444425
12.0,84.0,CLOSED,ON,09:24:00,20.0,5.0,4.788,3.776388889,RES,3.776388889
12.0,84.6,CLOSED,ON,09:25:00,20.0,5.0,4.788,3.7680555556666655,RES,3.7680555556666655
12.0,85.0,CLOSED,ON,09:26:00,20.0,5.0,4.788,3.909722222083333,RES,3.909722222083333
12.0,85.5,CLOSED,ON,09:27:00,20.0,5.0,4.788,3.7180555556666666,RES,3.7180555556666666
12.0,85.8,CLOSED,ON,09:28:00,20.0,5.0,4.788,3.8666666669166663,RES,3.8666666669166663
11.9,79.5,CLOSED,ON,09:38:00,20.0,4.938271605,5.48,3.870833333083333,RES,3.870833333083333
11.9,80.3,CLOSED,ON,09:39:00,20.0,4.938271605,5.48,3.7194444446666655,RES,3.7194444446666655
11.9,81.2,CLOSED,ON,09:40:00,20.0,4.938271605,5.48,3.85277777775,RES,3.85277777775
11.9,82.0,CLOSED,ON,09:41:00,20.0,4.938271605,5.48,4.076388888833333,RES,4.076388888833333
12.0,82.7,CLOSED,ON,09:42:00,20.0,5.0,5.48,3.69999999975,RES,3.69999999975
12.0,81.3,CLOSED,ON,09:53:00,20.0,5.0,6.254,3.873611111,RES,3.873611111
12.0,79.7,CLOSED,ON,09:54:00,20.0,5.0,6.254,3.822222222333333,RES,3.822222222333333
12.0,78.6,CLOSED,ON,09:55:00,20.0,5.0,6.254,3.725000000333333,RES,3.725000000333333
12.0,78.3,CLOSED,ON,09:56:00,20.0,5.0,6.254,3.8625,RES,3.8625
11.9,78.6,CLOSED,ON,09:57:00,20.0,4.938271605,6.254,3.820833333,RES,3.820833333
12.1,85.6,CLOSED,ON,10:08:00,20.0,5.063291139,7.192,3.786111111,RES,3.786111111
12.1,85.6,CLOSED,ON,10:09:00,20.0,5.063291139,7.192,3.690277777833333,RES,3.690277777833333
12.1,84.9,CLOSED,ON,10:10:00,20.0,5.063291139,7.192,3.711111111333333,RES,3.711111111333333
12.1,83.5,CLOSED,ON,10:11:00,20.0,5.063291139,7.192,3.8361111110833335,RES,3.8361111110833335
12.1,82.1,CLOSED,ON,10:12:00,20.0,5.063291139,7.192,3.73472222225,RES,3.73472222225
12.1,80.2,CLOSED,ON,10:13:00,20.0,5.063291139,7.192,3.76111111125,RES,3.76111111125
12.1,82.9,CLOSED,ON,10:23:00,21.11,4.439511654,7.935,3.7263888889166665,RES,3.7263888889166665
12.2,83.5,CLOSED,ON,10:24:00,21.11,4.489337823,7.935,3.7347222225833336,RES,3.7347222225833336
12.1,83.9,CLOSED,ON,10:25:00,21.11,4.439511654,7.935,3.78611111125,RES,3.78611111125
12.2,84.4,CLOSED,ON,10:26:00,21.11,4.489337823,7.935,3.8944444446666666,RES,3.8944444446666666
12.2,84.8,CLOSED,ON,10:27:00,21.11,4.489337823,7.935,3.82361111125,RES,3.82361111125
12.2,85.0,CLOSED,ON,10:28:00,21.11,4.489337823,7.935,3.838888888833333,RES,3.838888888833333
12.1,80.4,CLOSED,ON,10:39:00,21.11,4.439511654,8.617,3.9013888886666663,RES,3.9013888886666663
12.2,81.2,CLOSED,ON,10:40:00,21.11,4.489337823,8.617,3.6097222224166665,RES,3.6097222224166665
12.2,82.0,CLOSED,ON,10:41:00,21.11,4.489337823,8.617,3.749999999916666,RES,3.749999999916666
12.2,82.6,CLOSED,ON,10:42:00,21.11,4.489337823,8.617,3.91805555575,RES,3.91805555575
12.2,83.1,CLOSED,ON,10:43:00,21.11,4.489337823,8.617,3.7930555555,RES,3.7930555555
12.2,83.7,CLOSED,ON,10:44:00,21.11,4.489337823,8.617,3.8083333335833336,RES,3.8083333335833336
12.3,84.3,CLOSED,ON,10:45:00,21.11,4.540295119,8.617,3.8499999999166663,RES,3.8499999999166663
12.3,82.7,CLOSED,ON,11:03:00,22.22,4.032258065,9.209,3.623611111166667,RES,3.623611111166667
12.3,83.3,CLOSED,ON,11:04:00,22.22,4.032258065,9.209,3.711111110916667,RES,3.711111110916667
12.3,83.5,CLOSED,ON,11:05:00,22.22,4.032258065,9.209,3.847222222,RES,3.847222222
12.4,83.9,CLOSED,ON,11:06:00,22.22,4.073319756,9.209,3.8458333331666665,RES,3.8458333331666665
12.3,84.0,CLOSED,ON,11:07:00,22.22,4.032258065,9.209,3.92500000025,RES,3.92500000025
12.4,84.1,CLOSED,ON,11:08:00,22.22,4.073319756,9.209,3.8097222221666662,RES,3.8097222221666662
12.3,82.9,CLOSED,ON,11:09:00,22.22,4.032258065,9.209,3.795833333083333,RES,3.795833333083333
12.4,81.6,CLOSED,ON,11:10:00,22.22,4.073319756,9.209,3.6847222224166662,RES,3.6847222224166662
12.3,79.8,CLOSED,ON,11:11:00,22.22,4.032258065,9.209,3.7333333335,RES,3.7333333335
12.4,81.3,CLOSED,ON,11:29:00,22.78,3.853564547,9.758,3.72638888875,RES,3.72638888875
12.4,79.8,CLOSED,ON,11:30:00,22.78,3.853564547,9.758,3.7986111115,RES,3.7986111115
12.3,78.3,CLOSED,ON,11:31:00,22.78,3.816793893,10.094,3.844444444333333,RES,3.844444444333333
12.3,77.3,CLOSED,ON,11:32:00,22.78,3.816793893,10.094,3.636111111333333,RES,3.636111111333333
12.3,76.8,CLOSED,ON,11:33:00,22.78,3.816793893,10.094,4.040277777833333,RES,4.040277777833333
12.3,77.0,CLOSED,ON,11:34:00,22.78,3.816793893,10.094,3.82222222225,RES,3.82222222225
12.3,77.8,CLOSED,ON,11:35:00,22.78,3.816793893,10.094,3.884722222333333,RES,3.884722222333333
12.3,78.5,CLOSED,ON,11:36:00,22.78,3.816793893,10.094,3.8194444446666656,RES,3.8194444446666656
12.3,79.3,CLOSED,ON,11:37:00,22.78,3.816793893,10.094,3.8069444445,RES,3.8069444445
12.3,80.1,CLOSED,ON,11:38:00,22.78,3.816793893,10.094,3.759722222333333,RES,3.759722222333333
12.3,80.8,CLOSED,ON,11:39:00,22.78,3.816793893,10.094,3.7791666668333335,RES,3.7791666668333335
12.5,80.9,CLOSED,ON,11:59:00,22.78,3.891050584,10.223,3.92638888875,RES,3.92638888875
12.4,81.8,CLOSED,ON,12:00:00,22.78,3.853564547,10.223,3.702777778,RES,3.702777778
12.4,82.0,CLOSED,ON,12:01:00,22.78,3.853564547,9.872,3.829166666583333,RES,3.829166666583333
12.5,82.7,CLOSED,ON,12:02:00,22.78,3.891050584,9.872,3.986111111083333,RES,3.986111111083333
12.5,83.1,CLOSED,ON,12:03:00,22.78,3.891050584,9.872,3.800000000333333,RES,3.800000000333333
12.5,83.2,CLOSED,ON,12:04:00,22.78,3.891050584,9.872,3.612499999666667,RES,3.612499999666667
12.6,83.5,CLOSED,ON,12:05:00,22.78,3.929273084,9.872,3.6944444443333335,RES,3.6944444443333335
12.5,82.9,CLOSED,ON,12:06:00,22.78,3.891050584,9.872,3.747222222083333,RES,3.747222222083333
12.5,81.7,CLOSED,ON,12:07:00,22.78,3.891050584,9.872,3.60416666675,RES,3.60416666675
12.5,80.3,CLOSED,ON,12:08:00,22.78,3.891050584,9.872,3.79444444425,RES,3.79444444425
12.5,78.7,CLOSED,ON,12:09:00,22.78,3.891050584,9.872,3.96527777775,RES,3.96527777775
12.5,77.0,CLOSED,ON,12:33:00,22.78,3.891050584,9.804,3.873611110916667,RES,3.873611110916667
12.5,77.9,CLOSED,ON,12:34:00,22.78,3.891050584,9.804,3.858333333583333,RES,3.858333333583333
12.5,78.7,CLOSED,ON,12:35:00,22.78,3.891050584,9.804,3.97638888875,RES,3.97638888875
12.5,79.5,CLOSED,ON,12:36:00,22.78,3.891050584,9.804,3.700000000166667,RES,3.700000000166667
12.5,80.0,CLOSED,ON,12:37:00,22.78,3.891050584,9.804,3.813888889,RES,3.813888889
12.6,80.6,CLOSED,ON,12:38:00,22.78,3.929273084,9.804,3.773611111166667,RES,3.773611111166667
12.5,81.3,CLOSED,ON,12:39:00,22.78,3.891050584,9.804,3.7388888891666663,RES,3.7388888891666663
12.6,81.8,CLOSED,ON,12:40:00,22.78,3.929273084,9.804,3.77222222225,RES,3.77222222225
12.6,82.0,CLOSED,ON,12:41:00,22.78,3.929273084,9.804,3.84583333325,RES,3.84583333325
12.6,82.1,CLOSED,ON,12:42:00,22.78,3.929273084,9.804,3.7749999999166666,RES,3.7749999999166666
12.6,82.3,CLOSED,ON,12:43:00,22.78,3.929273084,9.804,3.756944444416667,RES,3.756944444416667
12.6,82.5,CLOSED,ON,12:44:00,22.78,3.929273084,9.804,3.82638888875,RES,3.82638888875
12.6,81.7,CLOSED,ON,12:45:00,22.78,3.929273084,9.804,3.84027777775,RES,3.84027777775
12.7,80.4,CLOSED,ON,12:46:00,22.78,3.968253968,9.544,3.775,RES,3.775
12.6,80.5,CLOSED,OFF,12:57:00,23.89,3.54295837,9.544,3.705555555416667,RES,3.705555555416667
12.6,80.5,CLOSED,OFF,12:57:00,23.89,3.54295837,9.544,3.705555555416667,RES,3.705555555416667
12.6,81.0,CLOSED,ON,12:58:00,23.89,3.54295837,9.544,3.9749999996666663,RES,3.9749999996666663
12.6,81.7,CLOSED,ON,12:59:00,23.89,3.54295837,9.544,3.7361111109166663,RES,3.7361111109166663
12.6,82.2,CLOSED,ON,13:00:00,23.89,3.54295837,9.544,3.6833333335,RES,3.6833333335
12.7,81.9,CLOSED,ON,13:01:00,23.89,3.574620197,8.991,3.74166666675,RES,3.74166666675
12.7,81.9,CLOSED,ON,13:02:00,23.89,3.574620197,8.991,3.812500000083333,RES,3.812500000083333
12.7,82.0,CLOSED,ON,13:03:00,23.89,3.574620197,8.991,3.862499999833333,RES,3.862499999833333
12.7,81.7,CLOSED,ON,13:04:00,23.89,3.574620197,8.991,3.824999999833333,RES,3.824999999833333
12.7,81.0,CLOSED,ON,13:05:00,23.89,3.574620197,8.991,3.880555555416667,RES,3.880555555416667
12.7,79.5,CLOSED,ON,13:06:00,23.89,3.574620197,8.991,3.8319444445,RES,3.8319444445
12.7,77.9,CLOSED,ON,13:07:00,23.89,3.574620197,8.991,3.70000000025,RES,3.70000000025
12.7,76.5,CLOSED,ON,13:08:00,23.89,3.574620197,8.991,3.64583333325,RES,3.64583333325
12.5,75.6,CLOSED,ON,13:09:00,23.89,3.511852502,8.991,3.913888888833333,RES,3.913888888833333
12.5,75.6,CLOSED,ON,13:10:00,23.89,3.511852502,8.991,3.7416666669166663,RES,3.7416666669166663
12.5,76.2,CLOSED,ON,13:11:00,23.89,3.511852502,8.991,3.798611111083333,RES,3.798611111083333
12.6,77.0,CLOSED,ON,13:12:00,23.89,3.54295837,8.991,3.74305555575,RES,3.74305555575
12.6,78.0,CLOSED,ON,13:13:00,23.89,3.54295837,8.991,3.7291666663333336,RES,3.7291666663333336
12.6,78.7,CLOSED,ON,13:14:00,23.89,3.54295837,8.991,3.815277777583333,RES,3.815277777583333
13.2,99.9,CLOSED,ON,14:05:00,22.78,4.175365344,8.929,3.84166666675,RES,3.84166666675
13.4,99.9,CLOSED,ON,14:06:00,22.78,4.264392324,8.929,3.9083333331666665,RES,3.9083333331666665
13.2,99.6,CLOSED,ON,14:07:00,22.78,4.175365344,8.929,3.611111111333333,RES,3.611111111333333
13.1,95.6,CLOSED,ON,14:08:00,22.78,4.132231405,8.929,3.750000000083333,RES,3.750000000083333
13.0,93.1,CLOSED,ON,14:09:00,22.78,4.08997955,8.929,3.700000000166667,RES,3.700000000166667
13.0,91.4,CLOSED,ON,14:10:00,22.78,4.08997955,8.929,3.7555555555,RES,3.7555555555
12.9,90.1,CLOSED,ON,14:11:00,22.78,4.048582996,8.929,3.9055555556666666,RES,3.9055555556666666
13.0,88.5,CLOSED,ON,14:12:00,22.78,4.08997955,8.929,3.6527777776666666,RES,3.6527777776666666
12.9,87.6,CLOSED,ON,14:13:00,22.78,4.048582996,8.929,3.6611111110833336,RES,3.6611111110833336
12.9,86.9,CLOSED,ON,14:14:00,22.78,4.048582996,8.929,3.93194444425,RES,3.93194444425
12.9,86.7,CLOSED,ON,14:15:00,22.78,4.048582996,8.929,3.9527777778333335,RES,3.9527777778333335
12.9,86.2,CLOSED,ON,14:16:00,22.78,4.048582996,9.1,3.7902777781666663,RES,3.7902777781666663
13.0,86.2,CLOSED,ON,14:17:00,22.78,4.08997955,9.1,3.788888888833333,RES,3.788888888833333
13.0,85.6,CLOSED,ON,14:18:00,22.78,4.08997955,9.1,3.922222222333333,RES,3.922222222333333
13.0,85.2,CLOSED,ON,14:19:00,22.78,4.08997955,9.1,3.7624999999166655,RES,3.7624999999166655
13.0,84.6,CLOSED,ON,14:20:00,23.89,3.673094582,9.1,3.9597222225,RES,3.9597222225
13.0,82.8,CLOSED,ON,14:21:00,23.89,3.673094582,9.1,4.026388889083333,RES,4.026388889083333
12.9,80.9,CLOSED,ON,14:22:00,23.89,3.639672429,9.1,3.7083333335833335,RES,3.7083333335833335
12.9,79.5,CLOSED,ON,14:23:00,23.89,3.639672429,9.1,3.71388888875,RES,3.71388888875
12.9,78.1,CLOSED,ON,14:24:00,23.89,3.639672429,9.1,3.7347222225,RES,3.7347222225
12.8,77.5,CLOSED,ON,14:25:00,23.89,3.606853021,9.1,3.841666666916667,RES,3.841666666916667
12.8,77.5,CLOSED,ON,14:26:00,23.89,3.606853021,9.1,3.804166666583333,RES,3.804166666583333
12.8,77.7,CLOSED,ON,14:27:00,23.89,3.606853021,9.1,3.777777777583333,RES,3.777777777583333
13.3,93.3,CLOSED,OFF,14:34:00,23.89,3.777148253,8.704,3.62916666675,RES,3.62916666675
13.3,93.3,CLOSED,OFF,14:34:00,23.89,3.777148253,8.704,3.62916666675,RES,3.62916666675
13.3,92.3,CLOSED,OFF,14:35:00,23.89,3.777148253,8.704,3.8027777775,RES,3.8027777775
13.3,92.3,CLOSED,OFF,14:35:00,23.89,3.777148253,8.704,3.8027777775,RES,3.8027777775
13.2,91.4,CLOSED,OFF,14:36:00,23.89,3.74181478,8.704,3.676388888833333,RES,3.676388888833333
13.2,91.4,CLOSED,OFF,14:36:00,23.89,3.74181478,8.704,3.676388888833333,RES,3.676388888833333
13.0,79.4,CLOSED,ON,14:45:00,23.89,3.673094582,8.704,3.7125000001666666,RES,3.7125000001666666
13.1,79.1,CLOSED,ON,14:46:00,23.89,3.707136237,7.653,3.82500000025,RES,3.82500000025
13.1,79.5,CLOSED,ON,14:47:00,23.89,3.707136237,7.653,3.6194444446666663,RES,3.6194444446666663
13.1,80.2,CLOSED,ON,14:48:00,23.89,3.707136237,7.653,3.8722222224166662,RES,3.8722222224166662
13.1,80.8,CLOSED,ON,14:49:00,23.89,3.707136237,7.653,3.7805555556666666,RES,3.7805555556666666
13.0,81.7,CLOSED,ON,14:50:00,25.0,3.333333333,7.653,3.748611110666667,RES,3.748611110666667
13.1,82.2,CLOSED,ON,14:51:00,25.0,3.361344538,7.653,3.8222222221666655,RES,3.8222222221666655
13.1,82.8,CLOSED,ON,14:52:00,25.0,3.361344538,7.653,3.893055555166667,RES,3.893055555166667
13.0,83.3,CLOSED,ON,14:53:00,25.0,3.333333333,7.653,3.7666666664166666,RES,3.7666666664166666
13.1,84.0,CLOSED,ON,14:54:00,25.0,3.361344538,7.653,3.829166667,RES,3.829166667
13.1,84.2,CLOSED,ON,14:55:00,25.0,3.361344538,7.653,3.7777777776666666,RES,3.7777777776666666
13.1,84.5,CLOSED,ON,14:56:00,25.0,3.361344538,7.653,3.9138888889166665,RES,3.9138888889166665
13.1,84.6,CLOSED,ON,14:57:00,25.0,3.361344538,7.653,3.822222222,RES,3.822222222
13.1,83.7,CLOSED,ON,14:58:00,25.0,3.361344538,7.653,3.8708333328333335,RES,3.8708333328333335
13.1,82.1,CLOSED,ON,14:59:00,25.0,3.361344538,7.653,3.713888888833333,RES,3.713888888833333
13.1,80.1,CLOSED,ON,15:00:00,25.0,3.361344538,7.653,3.8680555558333336,RES,3.8680555558333336
13.0,78.4,CLOSED,ON,15:01:00,25.0,3.333333333,4.77,5.331944444833334,Grid,5.331944444833334
13.0,77.1,CLOSED,ON,15:02:00,25.0,3.333333333,4.77,3.673611111083333,RES,3.673611111083333
13.0,77.0,CLOSED,ON,15:03:00,25.0,3.333333333,4.77,3.8375,RES,3.8375
13.0,77.6,CLOSED,ON,15:04:00,25.0,3.333333333,4.77,3.77777777775,RES,3.77777777775
13.0,78.4,CLOSED,ON,15:05:00,25.0,3.333333333,4.77,3.95277777775,RES,3.95277777775
13.0,79.0,CLOSED,ON,15:06:00,25.0,3.333333333,4.77,3.683333333416667,RES,3.683333333416667
13.1,79.7,CLOSED,ON,15:07:00,25.0,3.361344538,4.77,4.022222222083333,RES,4.022222222083333
13.0,79.4,CLOSED,ON,15:08:00,25.0,3.333333333,4.77,3.7763888889166655,RES,3.7763888889166655
13.0,77.9,CLOSED,ON,15:09:00,25.0,3.333333333,4.77,3.94861111075,RES,3.94861111075
13.0,76.3,CLOSED,ON,15:10:00,25.0,3.333333333,4.77,3.820833333416666,RES,3.820833333416666
12.9,75.2,CLOSED,ON,15:11:00,25.0,3.305785124,4.77,3.79027777775,RES,3.79027777775
12.9,74.9,CLOSED,OFF,15:12:00,25.0,3.305785124,4.77,3.74166666675,RES,3.74166666675
12.9,74.9,CLOSED,OFF,15:12:00,25.0,3.305785124,4.77,3.74166666675,RES,3.74166666675
12.9,74.8,CLOSED,OFF,15:13:00,25.0,3.305785124,4.77,5.263888888833334,Grid,5.263888888833334
12.9,74.8,CLOSED,OFF,15:13:00,25.0,3.305785124,4.77,5.263888888833334,Grid,5.263888888833334
13.1,82.2,CLOSED,ON,16:05:00,25.0,3.361344538,3.348,3.8513888891666666,Grid,3.8513888891666666
13.1,80.8,CLOSED,ON,16:06:00,25.0,3.361344538,3.348,3.698611111083333,Grid,3.698611111083333
13.1,78.8,CLOSED,ON,16:07:00,25.0,3.361344538,3.348,6.573611112166666,Grid,6.573611112166666
13.0,77.3,CLOSED,ON,16:08:00,25.0,3.333333333,3.348,3.76666666675,Grid,3.76666666675
13.0,76.1,CLOSED,ON,16:09:00,25.0,3.333333333,3.348,3.775000000083333,Grid,3.775000000083333
13.0,75.5,CLOSED,ON,16:10:00,25.0,3.333333333,3.348,3.848611111333333,Grid,3.848611111333333
13.0,75.7,CLOSED,ON,16:11:00,25.0,3.333333333,3.348,3.8680555555,Grid,3.8680555555
13.0,76.3,CLOSED,ON,16:12:00,25.0,3.333333333,3.348,3.82777777775,Grid,3.82777777775
13.0,77.0,CLOSED,ON,16:13:00,25.0,3.333333333,3.348,3.838888889,Grid,3.838888889
13.0,78.2,CLOSED,ON,16:14:00,25.0,3.333333333,3.348,3.81388888875,Grid,3.81388888875
13.0,76.3,CLOSED,ON,16:31:00,25.0,3.333333333,2.622,3.8319444446666666,Grid,3.8319444446666666
13.0,77.3,CLOSED,ON,16:32:00,25.0,3.333333333,2.622,3.799999999833333,Grid,3.799999999833333
13.0,78.4,CLOSED,ON,16:33:00,25.0,3.333333333,2.622,3.751388889083333,Grid,3.751388889083333
13.1,79.4,CLOSED,ON,16:34:00,25.0,3.361344538,2.622,3.6458333333333335,Grid,3.6458333333333335
13.0,79.9,CLOSED,ON,16:35:00,25.0,3.333333333,2.622,3.9069444441666663,Grid,3.9069444441666663
13.1,81.1,CLOSED,ON,16:36:00,25.0,3.361344538,2.622,3.738888889083333,Grid,3.738888889083333
13.0,81.5,CLOSED,ON,16:37:00,25.0,3.333333333,2.622,3.755555555583333,Grid,3.755555555583333
13.1,82.5,CLOSED,ON,16:38:00,25.0,3.361344538,2.622,3.818055555833333,Grid,3.818055555833333
13.1,82.7,CLOSED,ON,16:39:00,25.0,3.361344538,2.622,3.836111110916667,Grid,3.836111110916667
13.2,83.4,CLOSED,ON,16:40:00,25.0,3.389830508,2.622,3.7444444445,Grid,3.7444444445
13.2,83.9,CLOSED,ON,16:41:00,25.0,3.389830508,2.622,3.7430555553333336,Grid,3.7430555553333336
13.1,83.4,CLOSED,ON,16:42:00,25.0,3.361344538,2.622,3.8458333334166666,Grid,3.8458333334166666
13.0,80.3,CLOSED,ON,16:55:00,25.0,3.333333333,2.387,3.7597222221666655,Grid,3.7597222221666655
13.1,81.6,CLOSED,ON,16:56:00,25.0,3.361344538,2.387,3.873611110916667,Grid,3.873611110916667
13.0,81.8,CLOSED,ON,16:57:00,25.0,3.333333333,2.387,3.7305555556666663,Grid,3.7305555556666663
13.0,82.5,CLOSED,ON,16:58:00,25.0,3.333333333,2.387,3.77638888875,Grid,3.77638888875
13.1,83.1,CLOSED,ON,16:59:00,25.0,3.361344538,2.387,3.7402777773333336,Grid,3.7402777773333336
13.1,83.6,CLOSED,ON,17:00:00,25.0,3.361344538,2.387,3.948611111083333,Grid,3.948611111083333
13.0,79.0,CLOSED,ON,17:12:00,25.0,3.333333333,2.32,3.718055555583333,Grid,3.718055555583333
13.0,79.6,CLOSED,ON,17:13:00,25.0,3.333333333,2.32,3.977777777583333,Grid,3.977777777583333
13.0,80.4,CLOSED,ON,17:14:00,25.0,3.333333333,2.32,3.787500000083333,Grid,3.787500000083333
13.0,80.8,CLOSED,ON,17:15:00,25.0,3.333333333,2.32,3.6708333331666663,Grid,3.6708333331666663
13.1,81.6,CLOSED,ON,17:16:00,25.0,3.361344538,2.052,3.748611111333333,Grid,3.748611111333333
13.1,82.5,CLOSED,ON,17:17:00,25.0,3.361344538,2.052,3.8666666666666663,Grid,3.8666666666666663
13.1,83.0,CLOSED,ON,17:18:00,25.0,3.361344538,2.052,3.6805555553333336,Grid,3.6805555553333336
13.1,83.4,CLOSED,ON,17:19:00,25.0,3.361344538,2.052,3.861111111083333,Grid,3.861111111083333
13.1,83.8,CLOSED,ON,17:20:00,23.89,3.707136237,2.052,3.71666666675,Grid,3.71666666675
13.1,83.6,CLOSED,ON,17:21:00,23.89,3.707136237,2.052,3.9152777775,Grid,3.9152777775
13.1,82.6,CLOSED,ON,17:22:00,23.89,3.707136237,2.052,3.7472222224166662,Grid,3.7472222224166662
13.1,83.3,CLOSED,ON,17:39:00,23.89,3.707136237,1.795,3.765277777666667,Grid,3.765277777666667
13.1,83.4,CLOSED,ON,17:40:00,23.89,3.707136237,1.795,3.8180555559166662,Grid,3.8180555559166662
13.1,82.9,CLOSED,ON,17:41:00,23.89,3.707136237,1.795,3.869444444833333,Grid,3.869444444833333
13.1,81.2,CLOSED,ON,17:42:00,23.89,3.707136237,1.795,3.8888888889166666,Grid,3.8888888889166666
13.1,79.7,CLOSED,ON,17:43:00,23.89,3.707136237,1.795,3.8027777779166665,Grid,3.8027777779166665
13.0,77.9,CLOSED,ON,17:44:00,23.89,3.673094582,1.795,3.8402777773333336,Grid,3.8402777773333336
13.1,82.4,CLOSED,ON,17:56:00,25.0,3.361344538,1.548,3.74861111075,Grid,3.74861111075
13.1,82.6,CLOSED,ON,17:57:00,25.0,3.361344538,1.548,3.9333333331666656,Grid,3.9333333331666656
13.1,83.4,CLOSED,ON,17:58:00,25.0,3.361344538,1.548,3.8722222224166662,Grid,3.8722222224166662
13.1,83.6,CLOSED,ON,17:59:00,25.0,3.361344538,1.548,3.709722222333333,Grid,3.709722222333333
13.1,83.3,CLOSED,ON,18:00:00,25.0,3.361344538,1.548,3.837500000083333,Grid,3.837500000083333
13.1,82.0,CLOSED,ON,18:01:00,25.0,3.361344538,1.08,3.8222222218333335,Grid,3.8222222218333335
13.0,80.1,CLOSED,ON,18:02:00,25.0,3.333333333,1.08,3.8597222224166665,Grid,3.8597222224166665
13.0,78.6,CLOSED,ON,18:03:00,25.0,3.333333333,1.08,3.6944444443333335,Grid,3.6944444443333335
13.0,83.3,CLOSED,ON,18:18:00,25.0,3.333333333,0.931,3.749999999666667,Grid,3.749999999666667
13.1,83.6,CLOSED,OFF,18:19:00,25.0,3.361344538,0.931,3.691666666583333,Grid,3.691666666583333
13.1,83.6,CLOSED,OFF,18:19:00,25.0,3.361344538,0.931,3.691666666583333,Grid,3.691666666583333
13.1,82.6,CLOSED,ON,18:20:00,25.0,3.361344538,0.931,3.7569444443333335,Grid,3.7569444443333335
13.0,80.8,CLOSED,ON,18:21:00,25.0,3.333333333,0.931,3.838888889,Grid,3.838888889
13.0,80.2,CLOSED,OFF,18:22:00,25.0,3.333333333,0.931,3.65,Grid,3.65
13.0,80.2,CLOSED,OFF,18:22:00,25.0,3.333333333,0.931,3.65,Grid,3.65
13.0,80.0,CLOSED,ON,18:23:00,25.0,3.333333333,0.931,3.888888889083333,Grid,3.888888889083333
13.0,80.3,CLOSED,ON,18:24:00,25.0,3.333333333,0.931,3.883333333333333,Grid,3.883333333333333
12.9,77.1,CLOSED,OFF,18:30:00,25.0,3.305785124,0.931,3.911111111333333,Grid,3.911111111333333
12.9,77.1,CLOSED,OFF,18:30:00,25.0,3.305785124,0.0,3.911111111333333,Grid,3.911111111333333
12.9,75.8,CLOSED,OFF,18:31:00,25.0,3.305785124,0.0,3.7722222224166666,Grid,3.7722222224166666
12.9,75.0,CLOSED,OFF,18:32:00,25.0,3.305785124,0.0,3.89583333325,Grid,3.89583333325
12.9,75.2,CLOSED,OFF,18:33:00,25.0,3.305785124,0.0,3.7249999996666663,Grid,3.7249999996666663
12.9,75.2,CLOSED,OFF,18:33:00,25.0,3.305785124,0.0,3.7249999996666663,Grid,3.7249999996666663
12.9,75.5,CLOSED,OFF,18:34:00,25.0,3.305785124,0.0,3.7430555553333336,Grid,3.7430555553333336
12.9,75.5,CLOSED,OFF,18:34:00,25.0,3.305785124,0.0,3.7430555553333336,Grid,3.7430555553333336
12.9,76.6,CLOSED,OFF,18:35:00,25.0,3.305785124,0.0,3.70833333325,Grid,3.70833333325
12.9,78.3,CLOSED,OFF,18:37:00,25.0,3.305785124,0.0,3.918055555833333,Grid,3.918055555833333
13.0,79.4,CLOSED,OFF,18:38:00,25.0,3.333333333,0.0,3.7597222220833335,Grid,3.7597222220833335
13.0,79.4,CLOSED,OFF,18:38:00,25.0,3.333333333,0.0,3.7597222220833335,Grid,3.7597222220833335
13.0,80.3,CLOSED,OFF,18:39:00,25.0,3.333333333,0.0,3.723611110833333,Grid,3.723611110833333
13.0,80.3,CLOSED,OFF,18:39:00,25.0,3.333333333,0.0,3.723611110833333,Grid,3.723611110833333
13.0,80.9,CLOSED,OFF,18:40:00,25.0,3.333333333,0.0,3.6458333333333335,Grid,3.6458333333333335
13.0,80.9,CLOSED,OFF,18:40:00,25.0,3.333333333,0.0,3.6458333333333335,Grid,3.6458333333333335
13.0,81.5,CLOSED,OFF,18:41:00,25.0,3.333333333,0.0,3.7597222221666655,Grid,3.7597222221666655
13.0,82.2,CLOSED,OFF,18:42:00,25.0,3.333333333,0.0,3.7833333334166666,Grid,3.7833333334166666
13.1,82.9,CLOSED,OFF,18:43:00,25.0,3.361344538,0.0,3.813888888666667,Grid,3.813888888666667
13.1,83.2,CLOSED,OFF,18:44:00,25.0,3.361344538,0.0,3.8666666665,Grid,3.8666666665
13.1,83.7,CLOSED,OFF,18:45:00,25.0,3.361344538,0.0,3.751388889166667,Grid,3.751388889166667
13.0,83.8,CLOSED,OFF,18:46:00,25.0,3.333333333,0.0,3.793055555333333,Grid,3.793055555333333
13.0,83.8,CLOSED,OFF,18:46:00,25.0,3.333333333,0.0,3.793055555333333,Grid,3.793055555333333
13.1,82.9,CLOSED,OFF,18:47:00,25.0,3.361344538,0.0,3.74444444425,Grid,3.74444444425
13.1,82.9,CLOSED,OFF,18:47:00,25.0,3.361344538,0.0,3.74444444425,Grid,3.74444444425
13.0,81.5,CLOSED,OFF,18:48:00,25.0,3.333333333,0.0,3.74583333325,Grid,3.74583333325
13.0,79.9,CLOSED,OFF,18:49:00,25.0,3.333333333,0.0,3.7166666668333335,Grid,3.7166666668333335
13.0,78.0,CLOSED,OFF,18:50:00,25.0,3.333333333,0.0,3.806944444333333,Grid,3.806944444333333
13.0,78.0,CLOSED,OFF,18:50:00,25.0,3.333333333,0.0,3.806944444333333,Grid,3.806944444333333
12.9,76.7,CLOSED,OFF,18:51:00,25.0,3.305785124,0.0,3.841666666666667,Grid,3.841666666666667
12.9,76.7,CLOSED,OFF,18:51:00,25.0,3.305785124,0.0,3.841666666666667,Grid,3.841666666666667
12.9,76.0,CLOSED,OFF,18:52:00,25.0,3.305785124,0.0,3.8236111109166666,Grid,3.8236111109166666
12.9,75.7,CLOSED,OFF,18:53:00,25.0,3.305785124,0.0,3.827777777666667,Grid,3.827777777666667
12.9,76.0,CLOSED,OFF,18:54:00,25.0,3.305785124,0.0,3.943055555583333,Grid,3.943055555583333
12.9,76.0,CLOSED,OFF,18:54:00,25.0,3.305785124,0.0,3.943055555583333,Grid,3.943055555583333
12.9,76.9,CLOSED,OFF,18:55:00,25.0,3.305785124,0.0,3.7458333335,Grid,3.7458333335
12.9,76.9,CLOSED,OFF,18:55:00,25.0,3.305785124,0.0,3.7458333335,Grid,3.7458333335
13.1,83.2,CLOSED,ON,19:03:00,25.0,3.361344538,0.0,3.7319444443333336,Grid,3.7319444443333336
13.0,83.6,CLOSED,ON,19:04:00,25.0,3.333333333,0.0,3.776388888833333,Grid,3.776388888833333
13.1,83.7,CLOSED,ON,19:05:00,25.0,3.361344538,0.0,3.851388888833333,Grid,3.851388888833333
13.1,84.3,CLOSED,ON,19:06:00,25.0,3.361344538,0.0,3.9472222225833336,Grid,3.9472222225833336
12.9,75.7,CLOSED,ON,19:13:00,25.0,3.305785124,0.0,3.658333333083333,Grid,3.658333333083333
12.9,76.3,CLOSED,ON,19:14:00,25.0,3.305785124,0.0,3.8624999999166665,Grid,3.8624999999166665
12.9,77.0,CLOSED,ON,19:15:00,25.0,3.305785124,0.0,3.86527777775,Grid,3.86527777775
12.9,77.6,CLOSED,ON,19:16:00,25.0,3.305785124,0.0,3.837499999833333,Grid,3.837499999833333
12.9,78.7,CLOSED,ON,19:17:00,25.0,3.305785124,0.0,3.75138888875,Grid,3.75138888875
13.0,84.0,CLOSED,ON,19:26:00,23.89,3.673094582,0.0,3.665277777833333,Grid,3.665277777833333
13.0,83.0,CLOSED,ON,19:27:00,23.89,3.673094582,0.0,3.9083333335,Grid,3.9083333335
13.0,81.3,CLOSED,ON,19:28:00,23.89,3.673094582,0.0,3.8750000001666662,Grid,3.8750000001666662
13.0,79.8,CLOSED,ON,19:29:00,23.89,3.673094582,0.0,3.68888888875,Grid,3.68888888875
13.0,77.9,CLOSED,ON,19:30:00,23.89,3.673094582,0.0,3.751388888833333,Grid,3.751388888833333
12.9,90.1,OPEN,ON,19:33:00,23.89,3.639672429,0.0,3.8194444446666656,Grid,3.8194444446666656
12.9,90.1,OPEN,ON,19:33:00,23.89,3.639672429,0.0,3.8194444446666656,Grid,3.8194444446666656
14.6,99.9,OPEN,ON,19:36:00,23.89,4.305705059,0.0,3.85972222225,Grid,3.85972222225
16.3,99.9,CLOSED,ON,19:38:00,23.89,5.270092227,0.0,3.883333333583333,Grid,3.883333333583333
16.1,99.9,CLOSED,ON,19:39:00,23.89,5.13478819,0.0,3.640277778,Grid,3.640277778
15.9,99.9,CLOSED,ON,19:40:00,23.89,5.006257822,0.0,3.95138888925,Grid,3.95138888925
15.6,99.9,CLOSED,ON,19:41:00,23.89,4.82509047,0.0,3.856944444416667,Grid,3.856944444416667
15.4,99.9,CLOSED,ON,19:42:00,23.89,4.711425206,0.0,3.838888889,Grid,3.838888889
14.3,95.3,CLOSED,ON,19:49:00,23.89,4.17101147,0.0,3.679166666583333,Grid,3.679166666583333
14.2,95.0,CLOSED,ON,19:50:00,23.89,4.127966976,0.0,4.005555555416667,Grid,4.005555555416667
14.2,94.6,CLOSED,ON,19:51:00,23.89,4.127966976,0.0,3.6027777778333334,Grid,3.6027777778333334
14.1,94.1,CLOSED,ON,19:52:00,23.89,4.085801839,0.0,3.6222222221666662,Grid,3.6222222221666662
14.1,93.6,CLOSED,ON,19:53:00,23.89,4.085801839,0.0,3.8027777775,Grid,3.8027777775
13.9,89.4,CLOSED,ON,20:00:00,23.89,4.004004004,0.0,3.883333333666666,Grid,3.883333333666666
13.8,86.8,CLOSED,ON,20:01:00,23.89,3.96432111,0.0,3.84722222225,Grid,3.84722222225
13.8,84.9,CLOSED,ON,20:02:00,23.89,3.96432111,0.0,3.943055555666666,Grid,3.943055555666666
13.7,83.4,CLOSED,ON,20:03:00,23.89,3.925417076,0.0,3.8722222224166662,Grid,3.8722222224166662
13.7,82.0,CLOSED,ON,20:04:00,23.89,3.925417076,0.0,3.773611111,Grid,3.773611111
13.6,83.9,CLOSED,ON,20:12:00,23.89,3.887269193,0.0,3.802777777666667,Grid,3.802777777666667
13.6,84.4,CLOSED,ON,20:13:00,23.89,3.887269193,0.0,3.6555555556666666,Grid,3.6555555556666666
13.5,84.9,CLOSED,ON,20:14:00,23.89,3.84985563,0.0,3.68750000025,Grid,3.68750000025
13.6,85.3,CLOSED,ON,20:15:00,23.89,3.887269193,0.0,3.949999999833333,Grid,3.949999999833333
13.5,85.6,CLOSED,ON,20:16:00,23.89,3.84985563,0.0,3.652777778,Grid,3.652777778
13.3,76.9,CLOSED,ON,20:22:00,23.89,3.777148253,0.0,3.816666667083333,Grid,3.816666667083333
13.3,76.7,CLOSED,ON,20:23:00,23.89,3.777148253,0.0,3.72916666625,Grid,3.72916666625
13.3,77.0,CLOSED,ON,20:24:00,23.89,3.777148253,0.0,3.680555555416667,Grid,3.680555555416667
13.2,77.8,CLOSED,ON,20:25:00,23.89,3.74181478,0.0,3.943055555583333,Grid,3.943055555583333
13.3,78.8,CLOSED,ON,20:26:00,23.89,3.777148253,0.0,3.947222222333333,Grid,3.947222222333333
13.3,85.1,CLOSED,ON,20:34:00,23.89,3.777148253,0.0,3.780555555416667,Grid,3.780555555416667
13.2,85.4,CLOSED,ON,20:35:00,23.89,3.74181478,0.0,3.6888888889166656,Grid,3.6888888889166656
13.2,85.1,CLOSED,ON,20:36:00,23.89,3.74181478,0.0,3.7819444444166663,Grid,3.7819444444166663
13.2,83.2,CLOSED,ON,20:37:00,23.89,3.74181478,0.0,3.8097222221666662,Grid,3.8097222221666662
13.0,77.6,CLOSED,ON,20:44:00,23.89,3.673094582,0.0,3.66249999975,Grid,3.66249999975
13.0,79.0,CLOSED,ON,20:45:00,23.89,3.673094582,0.0,3.8874999999166655,Grid,3.8874999999166655
13.1,80.0,CLOSED,ON,20:46:00,23.89,3.707136237,0.0,3.830555555583333,Grid,3.830555555583333
13.0,80.9,CLOSED,ON,20:47:00,23.89,3.673094582,0.0,3.801388888833333,Grid,3.801388888833333
13.0,82.0,CLOSED,ON,20:48:00,23.89,3.673094582,0.0,3.718055555,Grid,3.718055555
13.0,83.2,CLOSED,ON,20:56:00,22.78,4.08997955,0.0,3.865277778,Grid,3.865277778
13.0,80.9,CLOSED,ON,20:57:00,22.78,4.08997955,0.0,3.71388888875,Grid,3.71388888875
12.9,78.5,CLOSED,ON,20:58:00,22.78,4.048582996,0.0,3.622222222333333,Grid,3.622222222333333
12.9,77.0,CLOSED,ON,20:59:00,22.78,4.048582996,0.0,3.574999999833333,Grid,3.574999999833333
12.9,81.9,CLOSED,ON,21:07:00,22.78,4.048582996,0.0,3.8458333335833337,Grid,3.8458333335833337
12.9,82.5,CLOSED,ON,21:08:00,22.78,4.048582996,0.0,3.620833333,Grid,3.620833333
12.9,83.5,CLOSED,ON,21:09:00,22.78,4.048582996,0.0,3.788888888666667,Grid,3.788888888666667
12.9,82.7,CLOSED,ON,21:16:00,22.78,4.048582996,0.0,3.715277777583333,Grid,3.715277777583333
12.9,80.4,CLOSED,ON,21:17:00,22.78,4.048582996,0.0,3.713888889,Grid,3.713888889
12.8,78.7,CLOSED,ON,21:18:00,22.78,4.008016032,0.0,3.9902777781666665,Grid,3.9902777781666665
12.8,79.7,CLOSED,ON,21:24:00,22.22,4.246284501,0.0,3.872222222,Grid,3.872222222
12.8,80.5,CLOSED,ON,21:25:00,22.22,4.246284501,0.0,3.799999999833333,Grid,3.799999999833333
12.8,81.9,CLOSED,ON,21:26:00,22.22,4.246284501,0.0,3.6819444445,Grid,3.6819444445
12.8,86.5,CLOSED,ON,21:33:00,22.22,4.246284501,0.0,3.8069444444166662,Grid,3.8069444444166662
12.8,85.2,CLOSED,ON,21:34:00,22.22,4.246284501,0.0,3.7375000004166665,Grid,3.7375000004166665
12.8,83.2,CLOSED,ON,21:35:00,22.22,4.246284501,0.0,3.6486111114166655,Grid,3.6486111114166655
12.7,77.1,CLOSED,ON,21:41:00,22.22,4.201680672,0.0,3.7208333335833337,Grid,3.7208333335833337
12.7,78.0,CLOSED,ON,21:42:00,22.22,4.201680672,0.0,3.84027777775,Grid,3.84027777775
12.7,79.2,CLOSED,ON,21:43:00,22.22,4.201680672,0.0,3.94999999975,Grid,3.94999999975
12.7,80.4,CLOSED,ON,21:44:00,22.22,4.201680672,0.0,6.337500000833333,Grid,6.337500000833333
12.8,85.4,CLOSED,ON,21:50:00,21.11,4.813477738,0.0,3.927777778083333,Grid,3.927777778083333
12.8,86.1,CLOSED,ON,21:51:00,21.11,4.813477738,0.0,3.6597222225833335,Grid,3.6597222225833335
12.8,86.6,CLOSED,ON,21:52:00,21.11,4.813477738,0.0,3.7944444446666665,Grid,3.7944444446666665
12.7,78.1,CLOSED,ON,21:57:00,21.11,4.756242568,0.0,3.800000000166667,Grid,3.800000000166667
12.6,76.5,CLOSED,ON,21:58:00,21.11,4.700352526,0.0,3.622222222,Grid,3.622222222
12.6,76.4,CLOSED,ON,21:59:00,21.11,4.700352526,0.0,3.6652777776666663,Grid,3.6652777776666663
12.6,76.8,CLOSED,ON,22:00:00,21.11,4.700352526,0.0,3.6888888885833335,Grid,3.6888888885833335
13.0,95.9,CLOSED,ON,22:05:00,21.11,4.932182491,0.0,3.7111111110833335,Grid,3.7111111110833335
12.9,94.1,CLOSED,ON,22:06:00,21.11,4.872107186,0.0,3.85277777775,Grid,3.85277777775
12.9,92.8,CLOSED,ON,22:07:00,21.11,4.872107186,0.0,3.9166666666666665,Grid,3.9166666666666665
12.9,91.6,CLOSED,ON,22:08:00,21.11,4.872107186,0.0,3.84861111075,Grid,3.84861111075
12.9,83.9,CLOSED,ON,22:14:00,21.11,4.872107186,0.0,3.8611111111666663,Grid,3.8611111111666663
12.8,81.6,CLOSED,ON,22:15:00,21.11,4.813477738,0.0,3.7736111110833335,Grid,3.7736111110833335
12.7,79.6,CLOSED,ON,22:16:00,21.11,4.756242568,0.0,3.933333333333333,Grid,3.933333333333333
12.9,93.8,CLOSED,ON,22:24:00,20.0,5.633802817,0.0,3.7083333335833335,Grid,3.7083333335833335
12.9,92.2,CLOSED,ON,22:25:00,20.0,5.633802817,0.0,3.9166666665,Grid,3.9166666665
12.9,91.1,CLOSED,ON,22:26:00,20.0,5.633802817,0.0,3.931944444166666,Grid,3.931944444166666
12.8,85.3,CLOSED,ON,22:32:00,20.0,5.555555556,0.0,3.806944444583333,Grid,3.806944444583333
12.9,82.7,CLOSED,ON,22:33:00,20.0,5.633802817,0.0,3.734722222,Grid,3.734722222
12.8,80.5,CLOSED,ON,22:34:00,20.0,5.555555556,0.0,3.81249999975,Grid,3.81249999975
12.7,81.2,CLOSED,ON,22:40:00,20.0,5.479452055,0.0,3.676388888833333,Grid,3.676388888833333
12.7,81.7,CLOSED,ON,22:41:00,20.0,5.479452055,0.0,3.8625000000833336,Grid,3.8625000000833336
12.7,82.8,CLOSED,ON,22:42:00,20.0,5.479452055,0.0,3.818055555416667,Grid,3.818055555416667
12.8,86.6,CLOSED,ON,22:47:00,20.0,5.555555556,0.0,3.7319444445,Grid,3.7319444445
12.8,87.2,CLOSED,ON,22:48:00,20.0,5.555555556,0.0,3.7458333335,Grid,3.7458333335
12.7,87.2,CLOSED,ON,22:49:00,20.0,5.479452055,0.0,3.9166666665,Grid,3.9166666665
12.7,78.2,CLOSED,ON,22:54:00,20.0,5.479452055,0.0,3.784722222083333,Grid,3.784722222083333
12.6,77.0,CLOSED,ON,22:55:00,20.0,5.405405405,0.0,3.76666666675,Grid,3.76666666675
12.6,77.0,CLOSED,ON,22:56:00,20.0,5.405405405,0.0,3.641666666583333,Grid,3.641666666583333
12.6,82.0,CLOSED,ON,23:01:00,20.0,5.405405405,0.0,6.870833334416667,Grid,6.870833334416667
12.6,83.2,CLOSED,ON,23:02:00,20.0,5.405405405,0.0,3.78472222225,Grid,3.78472222225
12.6,83.8,CLOSED,ON,23:03:00,20.0,5.405405405,0.0,3.6694444445,Grid,3.6694444445
12.7,86.9,CLOSED,ON,23:09:00,20.0,5.479452055,0.0,3.805555555416667,Grid,3.805555555416667
12.7,85.2,CLOSED,ON,23:10:00,20.0,5.479452055,0.0,3.895833333416667,Grid,3.895833333416667
12.7,82.6,CLOSED,ON,23:11:00,20.0,5.479452055,0.0,3.8930555550833335,Grid,3.8930555550833335
13.3,99.9,CLOSED,ON,23:20:00,20.0,5.970149254,0.0,3.6930555555,Grid,3.6930555555
13.1,99.9,CLOSED,ON,23:21:00,20.0,5.797101449,0.0,3.815277777583333,Grid,3.815277777583333
13.1,98.4,CLOSED,ON,23:22:00,20.0,5.797101449,0.0,3.8555555556666663,Grid,3.8555555556666663
12.9,91.8,CLOSED,ON,23:28:00,20.0,5.633802817,0.0,3.9833333335,Grid,3.9833333335
12.9,90.3,CLOSED,ON,23:29:00,20.0,5.633802817,0.0,3.729166667,Grid,3.729166667
12.8,86.7,CLOSED,ON,23:30:00,20.0,5.555555556,0.0,3.88055555575,Grid,3.88055555575
12.8,82.7,CLOSED,ON,23:36:00,20.0,5.555555556,0.0,3.736111111,Grid,3.736111111
12.7,83.4,CLOSED,ON,23:37:00,20.0,5.479452055,0.0,3.738888888833333,Grid,3.738888888833333
12.7,84.2,CLOSED,ON,23:38:00,20.0,5.479452055,0.0,3.8055555556666665,Grid,3.8055555556666665
12.8,87.6,CLOSED,ON,23:43:00,20.0,5.555555556,0.0,4.944444445,Grid,4.944444445
12.8,88.2,CLOSED,ON,23:44:00,20.0,5.555555556,0.0,3.6583333335,Grid,3.6583333335
12.8,88.3,CLOSED,ON,23:45:00,20.0,5.555555556,0.0,3.86666666675,Grid,3.86666666675
12.7,82.3,CLOSED,ON,23:57:00,18.89,6.462035541,0.0,3.801388889083333,Grid,3.801388889083333
12.6,83.5,CLOSED,ON,23:58:00,18.89,6.359300477,0.0,3.9875,Grid,3.9875
12.6,84.2,CLOSED,ON,23:59:00,18.89,6.359300477,0.0,3.937500000083333,Grid,3.937500000083333
