TIME,Predicted_Power_final
2024-11-10 00:00:00,12.704681
2024-11-10 00:01:00,12.672157
2024-11-10 00:02:00,12.654795
2024-11-10 00:03:00,12.639615
2024-11-10 00:04:00,12.607112
2024-11-10 00:05:00,12.596286
2024-11-10 00:06:00,12.578974
2024-11-10 00:07:00,12.563829
2024-11-10 00:08:00,12.557357
2024-11-10 00:09:00,12.555297
2024-11-10 00:10:00,12.553054
2024-11-10 00:11:00,12.555241
2024-11-10 00:12:00,12.550924
2024-11-10 00:13:00,12.555356
2024-11-10 00:14:00,12.559619
2024-11-10 00:15:00,12.555302
2024-11-10 00:16:00,12.5488
2024-11-10 00:17:00,12.533634
2024-11-10 00:18:00,12.511771
2024-11-10 00:19:00,12.494584
2024-11-10 00:20:00,12.146558
2024-11-10 00:21:00,12.122699
2024-11-10 00:22:00,12.092364
2024-11-10 00:23:00,12.077119
2024-11-10 00:24:00,12.068561
2024-11-10 00:25:00,12.055591
2024-11-10 00:26:00,12.0447855
2024-11-10 00:27:00,12.040477
2024-11-10 00:28:00,12.037788
2024-11-10 00:29:00,12.049173
2024-11-10 00:30:00,12.047028
2024-11-10 00:31:00,12.053534
2024-11-10 00:32:00,12.060042
2024-11-10 00:33:00,12.056535
2024-11-10 00:34:00,12.0644
2024-11-10 00:35:00,12.062235
2024-11-10 00:36:00,12.053558
2024-11-10 00:37:00,12.025384
2024-11-10 00:38:00,12.019119
2024-11-10 00:39:00,11.990652
2024-11-10 00:40:00,11.9711275
2024-11-10 00:41:00,11.966777
2024-11-10 00:42:00,11.94295
2024-11-10 00:43:00,11.931863
2024-11-10 00:44:00,11.927819
2024-11-10 00:45:00,11.921346
2024-11-10 00:46:00,11.92354
2024-11-10 00:47:00,11.921397
2024-11-10 00:48:00,11.919522
2024-11-10 00:49:00,11.923598
2024-11-10 00:50:00,11.932276
2024-11-10 00:51:00,11.923629
2024-11-10 00:52:00,11.932306
2024-11-10 00:53:00,11.927892
2024-11-10 00:54:00,11.930155
2024-11-10 00:55:00,11.927989
2024-11-10 00:56:00,11.927964
2024-11-10 00:57:00,11.91494
2024-11-10 00:58:00,11.882145
2024-11-10 00:59:00,11.871544
2024-11-10 01:00:00,11.845536
2024-11-10 01:01:00,11.826033
2024-11-10 01:02:00,11.82387
2024-11-10 01:03:00,11.819828
2024-11-10 01:04:00,11.819577
2024-11-10 01:05:00,11.81094
2024-11-10 01:06:00,11.819631
2024-11-10 01:07:00,11.813153
2024-11-10 01:08:00,11.813713
2024-11-10 01:09:00,11.817515
2024-11-10 01:10:00,11.824029
2024-11-10 01:11:00,11.826205
2024-11-10 01:12:00,11.82838
2024-11-10 01:13:00,11.828298
2024-11-10 01:14:00,11.834892
2024-11-10 01:15:00,11.84139
2024-11-10 01:16:00,11.8262205
2024-11-10 01:17:00,11.824109
2024-11-10 01:18:00,11.802321
2024-11-10 01:19:00,11.782789
2024-11-10 01:20:00,11.771921
2024-11-10 01:21:00,11.752418
2024-11-10 01:22:00,11.734738
2024-11-10 01:23:00,11.735115
2024-11-10 01:24:00,11.735141
2024-11-10 01:25:00,11.726504
2024-11-10 01:26:00,11.728692
2024-11-10 01:27:00,11.730702
2024-11-10 01:28:00,11.728735
2024-11-10 01:29:00,11.737411
2024-11-10 01:30:00,11.7525835
2024-11-10 01:31:00,11.763429
2024-11-10 01:32:00,11.767772
2024-11-10 01:33:00,11.770215
2024-11-10 01:34:00,11.769951
2024-11-10 01:35:00,11.761284
2024-11-10 01:36:00,11.74176
2024-11-10 01:37:00,11.730892
2024-11-10 01:38:00,11.724437
2024-11-10 01:39:00,11.709151
2024-11-10 01:40:00,11.6874695
2024-11-10 01:41:00,11.685306
2024-11-10 01:42:00,11.676662
2024-11-10 01:43:00,11.674606
2024-11-10 01:44:00,11.6767025
2024-11-10 01:45:00,11.676727
2024-11-10 01:46:00,11.674585
2024-11-10 01:47:00,11.678935
2024-11-10 01:48:00,11.683014
2024-11-10 01:49:00,11.678963
2024-11-10 01:50:00,11.524057
2024-11-10 01:51:00,11.5262375
2024-11-10 01:52:00,11.532744
2024-11-10 01:53:00,11.534919
2024-11-10 01:54:00,11.53592
2024-11-10 01:55:00,11.513252
2024-11-10 01:56:00,11.513222
2024-11-10 01:57:00,11.50667
2024-11-10 01:58:00,11.489301
2024-11-10 01:59:00,11.467611
2024-11-10 02:00:00,11.458931
2024-11-10 02:01:00,11.456862
2024-11-10 02:02:00,11.456797
2024-11-10 02:03:00,11.458987
2024-11-10 02:04:00,11.456854
2024-11-10 02:05:00,11.456871
2024-11-10 02:06:00,11.459056
2024-11-10 02:07:00,11.456998
2024-11-10 02:08:00,11.454759
2024-11-10 02:09:00,11.463436
2024-11-10 02:10:00,11.478613
2024-11-10 02:11:00,11.480788
2024-11-10 02:12:00,11.465634
2024-11-10 02:13:00,11.479901
2024-11-10 02:14:00,11.472125
2024-11-10 02:15:00,11.461276
2024-11-10 02:16:00,11.452572
2024-11-10 02:17:00,11.435198
2024-11-10 02:18:00,11.413503
2024-11-10 02:19:00,11.411228
2024-11-10 02:20:00,11.409156
2024-11-10 02:21:00,11.400509
2024-11-10 02:22:00,11.400527
2024-11-10 02:23:00,11.404886
2024-11-10 02:24:00,11.40058
2024-11-10 02:25:00,11.409258
2024-11-10 02:26:00,11.405126
2024-11-10 02:27:00,11.409294
2024-11-10 02:28:00,11.411474
2024-11-10 02:29:00,11.413655
2024-11-10 02:30:00,11.417998
2024-11-10 02:31:00,11.4375
2024-11-10 02:32:00,11.438415
2024-11-10 02:33:00,11.43318
2024-11-10 02:34:00,11.415836
2024-11-10 02:35:00,11.4071245
2024-11-10 02:36:00,11.40708
2024-11-10 02:37:00,11.381043
2024-11-10 02:38:00,11.359364
2024-11-10 02:39:00,11.359362
2024-11-10 02:40:00,11.357207
2024-11-10 02:41:00,11.348571
2024-11-10 02:42:00,11.357256
2024-11-10 02:43:00,11.35512
2024-11-10 02:44:00,11.357394
2024-11-10 02:45:00,11.359494
2024-11-10 02:46:00,11.363836
2024-11-10 02:47:00,11.368178
2024-11-10 02:48:00,11.376854
2024-11-10 02:49:00,11.381199
2024-11-10 02:50:00,11.39637
2024-11-10 02:51:00,11.4052305
2024-11-10 02:52:00,11.402883
2024-11-10 02:53:00,11.385534
2024-11-10 02:54:00,11.376835
2024-11-10 02:55:00,11.363793
2024-11-10 02:56:00,11.35726
2024-11-10 02:57:00,11.332413
2024-11-10 02:58:00,11.3182335
2024-11-10 02:59:00,11.3139105
2024-11-10 03:00:00,11.309605
2024-11-10 03:01:00,11.307459
2024-11-10 03:02:00,11.309651
2024-11-10 03:03:00,11.314005
2024-11-10 03:04:00,11.313843
2024-11-10 03:05:00,11.318372
2024-11-10 03:06:00,11.324884
2024-11-10 03:07:00,11.337896
2024-11-10 03:08:00,11.357398
2024-11-10 03:09:00,11.359572
2024-11-10 03:10:00,11.359585
2024-11-10 03:11:00,11.361758
2024-11-10 03:12:00,11.355256
2024-11-10 03:13:00,11.355228
2024-11-10 03:14:00,11.33352
2024-11-10 03:15:00,11.322652
2024-11-10 03:16:00,11.309621
2024-11-10 03:17:00,11.295074
2024-11-10 03:18:00,11.2814455
2024-11-10 03:19:00,11.268469
2024-11-10 03:20:00,10.94216
2024-11-10 03:21:00,10.942196
2024-11-10 03:22:00,10.953045
2024-11-10 03:23:00,10.951985
2024-11-10 03:24:00,10.955246
2024-11-10 03:25:00,10.97042
2024-11-10 03:26:00,10.9726095
2024-11-10 03:27:00,10.976956
2024-11-10 03:28:00,10.985623
2024-11-10 03:29:00,10.998628
2024-11-10 03:30:00,11.012267
2024-11-10 03:31:00,11.005149
2024-11-10 03:32:00,10.998643
2024-11-10 03:33:00,10.976952
2024-11-10 03:34:00,10.976913
2024-11-10 03:35:00,10.961717
2024-11-10 03:36:00,10.935698
2024-11-10 03:37:00,10.92909
2024-11-10 03:38:00,10.92701
2024-11-10 03:39:00,10.922692
2024-11-10 03:40:00,10.922714
2024-11-10 03:41:00,10.916241
2024-11-10 03:42:00,10.929259
2024-11-10 03:43:00,10.927109
2024-11-10 03:44:00,10.924963
2024-11-10 03:45:00,10.933639
2024-11-10 03:46:00,10.942319
2024-11-10 03:47:00,10.957487
2024-11-10 03:48:00,10.968322
2024-11-10 03:49:00,10.97699
2024-11-10 03:50:00,10.974838
2024-11-10 03:51:00,10.974849
2024-11-10 03:52:00,10.970512
2024-11-10 03:53:00,10.97048
2024-11-10 03:54:00,10.946611
2024-11-10 03:55:00,10.927081
2024-11-10 03:56:00,10.914597
2024-11-10 03:57:00,10.907541
2024-11-10 03:58:00,10.901047
2024-11-10 03:59:00,10.896725
2024-11-10 04:00:00,10.892418
2024-11-10 04:01:00,10.896776
2024-11-10 04:02:00,10.905459
2024-11-10 04:03:00,10.914674
2024-11-10 04:04:00,10.92498
2024-11-10 04:05:00,10.933656
2024-11-10 04:06:00,10.931502
2024-11-10 04:07:00,10.942345
2024-11-10 04:08:00,10.940186
2024-11-10 04:09:00,10.954179
2024-11-10 04:10:00,10.961852
2024-11-10 04:11:00,10.957528
2024-11-10 04:12:00,10.944516
2024-11-10 04:13:00,10.931486
2024-11-10 04:14:00,10.920618
2024-11-10 04:15:00,10.901086
2024-11-10 04:16:00,10.902142
2024-11-10 04:17:00,10.87939
2024-11-10 04:18:00,10.877231
2024-11-10 04:19:00,10.877246
2024-11-10 04:20:00,10.877268
2024-11-10 04:21:00,10.877292
2024-11-10 04:22:00,10.87948
2024-11-10 04:23:00,10.8939295
2024-11-10 04:24:00,10.903328
2024-11-10 04:25:00,10.918501
2024-11-10 04:26:00,10.925009
2024-11-10 04:27:00,10.925015
2024-11-10 04:28:00,10.927188
2024-11-10 04:29:00,10.931531
2024-11-10 04:30:00,10.937584
2024-11-10 04:31:00,10.933712
2024-11-10 04:32:00,10.931524
2024-11-10 04:33:00,10.922828
2024-11-10 04:34:00,10.903292
2024-11-10 04:35:00,10.879434
2024-11-10 04:36:00,10.877236
2024-11-10 04:37:00,10.875059
2024-11-10 04:38:00,10.875067
2024-11-10 04:39:00,10.877249
2024-11-10 04:40:00,10.866438
2024-11-10 04:41:00,10.870791
2024-11-10 04:42:00,10.87731
2024-11-10 04:43:00,10.877327
2024-11-10 04:44:00,10.886004
2024-11-10 04:45:00,10.890351
2024-11-10 04:46:00,10.90336
2024-11-10 04:47:00,10.912038
2024-11-10 04:48:00,10.925046
2024-11-10 04:49:00,10.927216
2024-11-10 04:50:00,11.245578
2024-11-10 04:51:00,11.260045
2024-11-10 04:52:00,11.25136
2024-11-10 04:53:00,11.240496
2024-11-10 04:54:00,11.216631
2024-11-10 04:55:00,11.210093
2024-11-10 04:56:00,11.203568
2024-11-10 04:57:00,11.201391
2024-11-10 04:58:00,11.177574
2024-11-10 04:59:00,11.175425
2024-11-10 05:00:00,11.166512
2024-11-10 05:01:00,11.197124
2024-11-10 05:02:00,11.194981
2024-11-10 05:03:00,11.201497
2024-11-10 05:04:00,11.208007
2024-11-10 05:05:00,11.210185
2024-11-10 05:06:00,11.218862
2024-11-10 05:07:00,11.227535
2024-11-10 05:08:00,11.241357
2024-11-10 05:09:00,11.247053
2024-11-10 05:10:00,11.260055
2024-11-10 05:11:00,11.255713
2024-11-10 05:12:00,11.242697
2024-11-10 05:13:00,11.220994
2024-11-10 05:14:00,11.214453
2024-11-10 05:15:00,11.19492
2024-11-10 05:16:00,11.180993
2024-11-10 05:17:00,11.171063
2024-11-10 05:18:00,11.16674
2024-11-10 05:19:00,11.164599
2024-11-10 05:20:00,10.840453
2024-11-10 05:21:00,10.8404665
2024-11-10 05:22:00,10.849151
2024-11-10 05:23:00,10.857834
2024-11-10 05:24:00,10.87734
2024-11-10 05:25:00,10.8773575
2024-11-10 05:26:00,10.879537
2024-11-10 05:27:00,10.881716
2024-11-10 05:28:00,10.892558
2024-11-10 05:29:00,10.916396
2024-11-10 05:30:00,10.907738
2024-11-10 05:31:00,10.907724
2024-11-10 05:32:00,10.886039
2024-11-10 05:33:00,10.879409
2024-11-10 05:34:00,10.877286
2024-11-10 05:35:00,10.853422
2024-11-10 05:36:00,10.829576
2024-11-10 05:37:00,10.827405
2024-11-10 05:38:00,10.827414
2024-11-10 05:39:00,10.823101
2024-11-10 05:40:00,10.827448
2024-11-10 05:41:00,10.833966
2024-11-10 05:42:00,10.833717
2024-11-10 05:43:00,10.847003
2024-11-10 05:44:00,10.860014
2024-11-10 05:45:00,10.873022
2024-11-10 05:46:00,10.875203
2024-11-10 05:47:00,10.877382
2024-11-10 05:48:00,10.883895
2024-11-10 05:49:00,10.890401
2024-11-10 05:50:00,10.892569
2024-11-10 05:51:00,10.893998
2024-11-10 05:52:00,10.881691
2024-11-10 05:53:00,10.877317
2024-11-10 05:54:00,10.864278
2024-11-10 05:55:00,10.833921
2024-11-10 05:56:00,10.827403
2024-11-10 05:57:00,10.823066
2024-11-10 05:58:00,10.823075
2024-11-10 05:59:00,10.8212
2024-11-10 06:00:00,10.831778
2024-11-10 06:01:00,10.829635
2024-11-10 06:02:00,10.831822
2024-11-10 06:03:00,10.829679
2024-11-10 06:04:00,10.853518
2024-11-10 06:05:00,10.866526
2024-11-10 06:06:00,10.873039
2024-11-10 06:07:00,10.875219
2024-11-10 06:08:00,10.877395
2024-11-10 06:09:00,10.879568
2024-11-10 06:10:00,10.886067
2024-11-10 06:11:00,10.875226
2024-11-10 06:12:00,10.877359
2024-11-10 06:13:00,10.859989
2024-11-10 06:14:00,10.84478
2024-11-10 06:15:00,10.827419
2024-11-10 06:16:00,10.8252325
2024-11-10 06:17:00,10.82117
2024-11-10 06:18:00,10.810085
2024-11-10 06:19:00,10.8101
2024-11-10 06:20:00,10.803625
2024-11-10 06:21:00,10.816645
2024-11-10 06:22:00,10.827497
2024-11-10 06:23:00,10.829682
2024-11-10 06:24:00,10.834026
2024-11-10 06:25:00,10.842705
2024-11-10 06:26:00,10.856616
2024-11-10 06:27:00,10.875215
2024-11-10 06:28:00,10.877394
2024-11-10 06:29:00,10.875238
2024-11-10 06:30:00,10.87958
2024-11-10 06:31:00,10.869804
2024-11-10 06:32:00,10.874109
2024-11-10 06:33:00,10.854576
2024-11-10 06:34:00,10.832871
2024-11-10 06:35:00,10.8285
2024-11-10 06:36:00,10.813316
2024-11-10 06:37:00,10.811147
2024-11-10 06:38:00,10.791664
2024-11-10 06:39:00,10.787348
2024-11-10 06:40:00,10.789537
2024-11-10 06:41:00,10.791725
2024-11-10 06:42:00,10.806907
2024-11-10 06:43:00,10.826416
2024-11-10 06:44:00,10.826436
2024-11-10 06:45:00,10.830695
2024-11-10 06:46:00,11.010621
2024-11-10 06:47:00,11.02796
2024-11-10 06:48:00,11.05179
2024-11-10 06:49:00,11.047469
2024-11-10 06:50:00,11.049634
2024-11-10 06:51:00,11.040956
2024-11-10 06:52:00,11.019266
2024-11-10 06:53:00,11.006139
2024-11-10 06:54:00,11.004014
2024-11-10 06:55:00,10.990983
2024-11-10 06:56:00,10.969305
2024-11-10 06:57:00,10.958476
2024-11-10 06:58:00,10.956323
2024-11-10 06:59:00,10.95851
2024-11-10 07:00:00,10.836369
2024-11-10 07:01:00,10.841861
2024-11-10 07:02:00,10.855956
2024-11-10 07:03:00,10.872217
2024-11-10 07:04:00,10.874399
2024-11-10 07:05:00,10.878744
2024-11-10 07:06:00,10.883089
2024-11-10 07:07:00,10.883102
2024-11-10 07:08:00,10.889611
2024-11-10 07:09:00,10.893952
2024-11-10 07:10:00,10.887457
2024-11-10 07:11:00,10.885278
2024-11-10 07:12:00,10.880914
2024-11-10 07:13:00,10.870043
2024-11-10 07:14:00,10.846175
2024-11-10 07:15:00,10.880493
2024-11-10 07:16:00,10.876147
2024-11-10 07:17:00,10.869654
2024-11-10 07:18:00,10.867501
2024-11-10 07:19:00,10.8740225
2024-11-10 07:20:00,10.8718815
2024-11-10 07:21:00,10.876325
2024-11-10 07:22:00,10.876257
2024-11-10 07:23:00,10.880606
2024-11-10 07:24:00,10.880625
2024-11-10 07:25:00,10.895802
2024-11-10 07:26:00,10.889316
2024-11-10 07:27:00,10.895826
2024-11-10 07:28:00,10.91533
2024-11-10 07:29:00,10.913173
2024-11-10 07:30:00,10.983026
2024-11-10 07:31:00,10.972392
2024-11-10 07:32:00,10.961535
2024-11-10 07:33:00,10.948501
2024-11-10 07:34:00,10.941964
2024-11-10 07:35:00,10.913769
2024-11-10 07:36:00,10.902926
2024-11-10 07:37:00,10.9007635
2024-11-10 07:38:00,10.900775
2024-11-10 07:39:00,10.900793
2024-11-10 07:40:00,10.898743
2024-11-10 07:41:00,10.900843
2024-11-10 07:42:00,10.903029
2024-11-10 07:43:00,10.900879
2024-11-10 07:44:00,10.913889
2024-11-10 07:45:00,11.032548
2024-11-10 07:46:00,11.043391
2024-11-10 07:47:00,11.052066
2024-11-10 07:48:00,11.052072
2024-11-10 07:49:00,11.05641
2024-11-10 07:50:00,11.535383
2024-11-10 07:51:00,11.559319
2024-11-10 07:52:00,11.559024
2024-11-10 07:53:00,11.550594
2024-11-10 07:54:00,11.528894
2024-11-10 07:55:00,11.50503
2024-11-10 07:56:00,11.504998
2024-11-10 07:57:00,11.502825
2024-11-10 07:58:00,11.485505
2024-11-10 07:59:00,11.494185
2024-11-10 08:00:00,11.633762
2024-11-10 08:01:00,11.6316185
2024-11-10 08:02:00,11.635972
2024-11-10 08:03:00,11.646819
2024-11-10 08:04:00,11.64467
2024-11-10 08:05:00,11.656868
2024-11-10 08:06:00,11.668524
2024-11-10 08:07:00,11.68586
2024-11-10 08:08:00,11.688036
2024-11-10 08:09:00,11.6880455
2024-11-10 08:10:00,11.688056
2024-11-10 08:11:00,11.690212
2024-11-10 08:12:00,11.688018
2024-11-10 08:13:00,11.677148
2024-11-10 08:14:00,11.661947
2024-11-10 08:15:00,11.774424
2024-11-10 08:16:00,11.7714405
2024-11-10 08:17:00,11.76927
2024-11-10 08:18:00,11.7692795
2024-11-10 08:19:00,11.76713
2024-11-10 08:20:00,12.102142
2024-11-10 08:21:00,12.102162
2024-11-10 08:22:00,12.102182
2024-11-10 08:23:00,12.110863
2024-11-10 08:24:00,12.1152115
2024-11-10 08:25:00,12.143379
2024-11-10 08:26:00,12.152057
2024-11-10 08:27:00,12.154237
2024-11-10 08:28:00,12.1629095
2024-11-10 08:29:00,12.154257
2024-11-10 08:30:00,12.294602
2024-11-10 08:31:00,12.295217
2024-11-10 08:32:00,12.2849865
2024-11-10 08:33:00,12.280617
2024-11-10 08:34:00,12.263246
2024-11-10 08:35:00,12.250214
2024-11-10 08:36:00,12.232866
2024-11-10 08:37:00,12.232865
2024-11-10 08:38:00,12.235043
2024-11-10 08:39:00,12.23506
2024-11-10 08:40:00,12.230749
2024-11-10 08:41:00,12.241598
2024-11-10 08:42:00,12.245947
2024-11-10 08:43:00,12.265452
2024-11-10 08:44:00,12.280627
2024-11-10 08:45:00,12.400855
2024-11-10 08:46:00,12.416922
2024-11-10 08:47:00,12.416934
2024-11-10 08:48:00,12.438602
2024-11-10 08:49:00,12.445108
2024-11-10 08:50:00,12.4451065
2024-11-10 08:51:00,12.440756
2024-11-10 08:52:00,12.416897
2024-11-10 08:53:00,12.410357
2024-11-10 08:54:00,12.40815
2024-11-10 08:55:00,12.392958
2024-11-10 08:56:00,12.392941
2024-11-10 08:57:00,12.3712845
2024-11-10 08:58:00,12.3647995
2024-11-10 08:59:00,12.364551
2024-11-10 09:00:00,12.410382
2024-11-10 09:01:00,12.432062
2024-11-10 09:02:00,12.434244
2024-11-10 09:03:00,12.447256
2024-11-10 09:04:00,12.449439
2024-11-10 09:05:00,12.45162
2024-11-10 09:06:00,12.46896
2024-11-10 09:07:00,12.486295
2024-11-10 09:08:00,12.490637
2024-11-10 09:09:00,12.492814
2024-11-10 09:10:00,12.492808
2024-11-10 09:11:00,12.484124
2024-11-10 09:12:00,12.46676
2024-11-10 09:13:00,12.453266
2024-11-10 09:14:00,12.442846
2024-11-10 09:15:00,12.565326
2024-11-10 09:16:00,12.556654
2024-11-10 09:17:00,12.543667
2024-11-10 09:18:00,12.548014
2024-11-10 09:19:00,12.550201
2024-11-10 09:20:00,12.900376
2024-11-10 09:21:00,12.896065
2024-11-10 09:22:00,12.904749
2024-11-10 09:23:00,12.913429
2024-11-10 09:24:00,12.922107
2024-11-10 09:25:00,12.928618
2024-11-10 09:26:00,12.94812
2024-11-10 09:27:00,12.95463
2024-11-10 09:28:00,12.967091
2024-11-10 09:29:00,12.9654665
2024-11-10 09:30:00,13.106455
2024-11-10 09:31:00,13.095598
2024-11-10 09:32:00,13.09339
2024-11-10 09:33:00,13.069529
2024-11-10 09:34:00,13.047834
2024-11-10 09:35:00,13.0478115
2024-11-10 09:36:00,13.045641
2024-11-10 09:37:00,13.043487
2024-11-10 09:38:00,13.05
2024-11-10 09:39:00,13.050024
2024-11-10 09:40:00,13.056542
2024-11-10 09:41:00,13.071723
2024-11-10 09:42:00,13.08302
2024-11-10 09:43:00,13.093415
2024-11-10 09:44:00,13.099922
2024-11-10 09:45:00,13.255221
2024-11-10 09:46:00,13.274723
2024-11-10 09:47:00,13.2834
2024-11-10 09:48:00,13.283406
2024-11-10 09:49:00,13.28774
2024-11-10 09:50:00,13.289886
2024-11-10 09:51:00,13.276856
2024-11-10 09:52:00,13.255158
2024-11-10 09:53:00,13.255116
2024-11-10 09:54:00,13.244252
2024-11-10 09:55:00,13.239902
2024-11-10 09:56:00,13.235571
2024-11-10 09:57:00,13.238202
2024-11-10 09:58:00,13.231273
2024-11-10 09:59:00,13.248623
2024-11-10 10:00:00,13.436835
2024-11-10 10:01:00,13.43902
2024-11-10 10:02:00,13.44337
2024-11-10 10:03:00,13.475868
2024-11-10 10:04:00,13.484548
2024-11-10 10:05:00,13.486728
2024-11-10 10:06:00,13.497571
2024-11-10 10:07:00,13.499746
2024-11-10 10:08:00,13.510582
2024-11-10 10:09:00,13.508406
2024-11-10 10:10:00,13.517042
2024-11-10 10:11:00,13.48668
2024-11-10 10:12:00,13.486639
2024-11-10 10:13:00,13.47207
2024-11-10 10:14:00,13.456256
2024-11-10 10:15:00,13.592321
2024-11-10 10:16:00,13.600986
2024-11-10 10:17:00,13.603167
2024-11-10 10:18:00,13.607521
2024-11-10 10:19:00,13.629198
2024-11-10 10:20:00,13.968539
2024-11-10 10:21:00,13.962063
2024-11-10 10:22:00,13.97074
2024-11-10 10:23:00,13.97725
2024-11-10 10:24:00,13.990258
2024-11-10 10:25:00,14.009763
2024-11-10 10:26:00,14.020599
2024-11-10 10:27:00,14.020609
2024-11-10 10:28:00,14.024669
2024-11-10 10:29:00,14.020587
2024-11-10 10:30:00,14.153053
2024-11-10 10:31:00,14.144351
2024-11-10 10:32:00,14.109655
2024-11-10 10:33:00,14.111789
2024-11-10 10:34:00,14.111773
2024-11-10 10:35:00,14.107443
2024-11-10 10:36:00,14.105291
2024-11-10 10:37:00,14.10531
2024-11-10 10:38:00,14.1139965
2024-11-10 10:39:00,14.122681
2024-11-10 10:40:00,14.13786
2024-11-10 10:41:00,14.144376
2024-11-10 10:42:00,14.153053
2024-11-10 10:43:00,14.168227
2024-11-10 10:44:00,14.166076
2024-11-10 10:45:00,14.313667
2024-11-10 10:46:00,14.316227
2024-11-10 10:47:00,14.327058
2024-11-10 10:48:00,14.318389
2024-11-10 10:49:00,14.314026
2024-11-10 10:50:00,14.633817
2024-11-10 10:51:00,14.622945
2024-11-10 10:52:00,14.60558
2024-11-10 10:53:00,14.605563
2024-11-10 10:54:00,14.607726
2024-11-10 10:55:00,14.596903
2024-11-10 10:56:00,14.592587
2024-11-10 10:57:00,14.6012745
2024-11-10 10:58:00,14.607794
2024-11-10 10:59:00,14.616472
2024-11-10 11:00:00,14.630605
2024-11-10 11:01:00,14.64578
2024-11-10 11:02:00,14.647959
2024-11-10 11:03:00,14.654468
2024-11-10 11:04:00,14.65881
2024-11-10 11:05:00,14.6783085
2024-11-10 11:06:00,14.689145
2024-11-10 11:07:00,14.682651
2024-11-10 11:08:00,14.686967
2024-11-10 11:09:00,14.6652775
2024-11-10 11:10:00,14.660902
2024-11-10 11:11:00,14.648228
2024-11-10 11:12:00,14.632676
2024-11-10 11:13:00,14.623999
2024-11-10 11:14:00,14.621832
2024-11-10 11:15:00,14.725492
2024-11-10 11:16:00,14.727677
2024-11-10 11:17:00,14.745026
2024-11-10 11:18:00,14.751547
2024-11-10 11:19:00,14.760227
2024-11-10 11:20:00,14.934655
2024-11-10 11:21:00,14.939003
2024-11-10 11:22:00,14.947685
2024-11-10 11:23:00,14.973684
2024-11-10 11:24:00,14.984521
2024-11-10 11:25:00,14.984527
2024-11-10 11:26:00,14.991025
2024-11-10 11:27:00,14.984515
2024-11-10 11:28:00,14.98015
2024-11-10 11:29:00,14.975776
2024-11-10 11:30:00,15.020725
2024-11-10 11:31:00,15.004133
2024-11-10 11:32:00,14.999779
2024-11-10 11:33:00,15.001941
2024-11-10 11:34:00,15.001954
2024-11-10 11:35:00,14.99981
2024-11-10 11:36:00,14.999829
2024-11-10 11:37:00,15.008515
2024-11-10 11:38:00,15.0193615
2024-11-10 11:39:00,15.039414
2024-11-10 11:40:00,15.04322
2024-11-10 11:41:00,15.054061
2024-11-10 11:42:00,15.060572
2024-11-10 11:43:00,15.069238
2024-11-10 11:44:00,15.082234
2024-11-10 11:45:00,15.11678
2024-11-10 11:46:00,15.118937
2024-11-10 11:47:00,15.108086
2024-11-10 11:48:00,15.09289
2024-11-10 11:49:00,15.079852
2024-11-10 11:50:00,15.071154
2024-11-10 11:51:00,15.05814
2024-11-10 11:52:00,15.047308
2024-11-10 11:53:00,15.05814
2024-11-10 11:54:00,15.055993
2024-11-10 11:55:00,15.075508
2024-11-10 11:56:00,15.069028
2024-11-10 11:57:00,15.077714
2024-11-10 11:58:00,15.084231
2024-11-10 11:59:00,15.103739
2024-11-10 12:00:00,15.047225
2024-11-10 12:01:00,15.052839
2024-11-10 12:02:00,15.05285
2024-11-10 12:03:00,15.059356
2024-11-10 12:04:00,15.059358
2024-11-10 12:05:00,15.063689
2024-11-10 12:06:00,15.065829
2024-11-10 12:07:00,15.057132
2024-11-10 12:08:00,15.050594
2024-11-10 12:09:00,15.025918
2024-11-10 12:10:00,15.00937
2024-11-10 12:11:00,15.007195
2024-11-10 12:12:00,15.007203
2024-11-10 12:13:00,15.007219
2024-11-10 12:14:00,15.01374
2024-11-10 12:15:00,15.02335
2024-11-10 12:16:00,15.038526
2024-11-10 12:17:00,15.053705
2024-11-10 12:18:00,15.05589
2024-11-10 12:19:00,15.064568
2024-11-10 12:20:00,15.081903
2024-11-10 12:21:00,15.090577
2024-11-10 12:22:00,15.105741
2024-11-10 12:23:00,15.1144
2024-11-10 12:24:00,15.114401
2024-11-10 12:25:00,15.11223
2024-11-10 12:26:00,15.107879
2024-11-10 12:27:00,15.090514
2024-11-10 12:28:00,15.068818
2024-11-10 12:29:00,15.064457
2024-11-10 12:30:00,15.041202
2024-11-10 12:31:00,15.032537
2024-11-10 12:32:00,15.02605
2024-11-10 12:33:00,15.026072
2024-11-10 12:34:00,15.026093
2024-11-10 12:35:00,15.041273
2024-11-10 12:36:00,15.043457
2024-11-10 12:37:00,15.0478
2024-11-10 12:38:00,15.069478
2024-11-10 12:39:00,15.080319
2024-11-10 12:40:00,15.095487
2024-11-10 12:41:00,15.095495
2024-11-10 12:42:00,15.104159
2024-11-10 12:43:00,15.119328
2024-11-10 12:44:00,15.099827
2024-11-10 12:45:00,15.06073
2024-11-10 12:46:00,15.043174
2024-11-10 12:47:00,15.034556
2024-11-10 12:48:00,15.017198
2024-11-10 12:49:00,14.993355
2024-11-10 12:50:00,15.33268
2024-11-10 12:51:00,15.332692
2024-11-10 12:52:00,15.328382
2024-11-10 12:53:00,15.3414
2024-11-10 12:54:00,15.354417
2024-11-10 12:55:00,15.363097
2024-11-10 12:56:00,15.365706
2024-11-10 12:57:00,15.36512
2024-11-10 12:58:00,15.395629
2024-11-10 12:59:00,15.4043045
2024-11-10 13:00:00,15.311177
2024-11-10 13:01:00,15.317176
2024-11-10 13:02:00,15.319343
2024-11-10 13:03:00,15.3215065
2024-11-10 13:04:00,15.312832
2024-11-10 13:05:00,15.308469
2024-11-10 13:06:00,15.2976
2024-11-10 13:07:00,15.284564
2024-11-10 13:08:00,15.262881
2024-11-10 13:09:00,15.2563715
2024-11-10 13:10:00,15.247717
2024-11-10 13:11:00,15.249899
2024-11-10 13:12:00,15.258586
2024-11-10 13:13:00,15.262942
2024-11-10 13:14:00,15.267114
2024-11-10 13:15:00,15.189707
2024-11-10 13:16:00,15.209214
2024-11-10 13:17:00,15.217895
2024-11-10 13:18:00,15.228735
2024-11-10 13:19:00,15.233073
2024-11-10 13:20:00,15.241731
2024-11-10 13:21:00,15.2633915
2024-11-10 13:22:00,15.246073
2024-11-10 13:23:00,15.241727
2024-11-10 13:24:00,15.237362
2024-11-10 13:25:00,15.2135
2024-11-10 13:26:00,15.211298
2024-11-10 13:27:00,15.180946
2024-11-10 13:28:00,15.174441
2024-11-10 13:29:00,15.174441
2024-11-10 13:30:00,15.1427555
2024-11-10 13:31:00,15.142778
2024-11-10 13:32:00,15.142805
2024-11-10 13:33:00,15.15582
2024-11-10 13:34:00,15.164502
2024-11-10 13:35:00,15.164517
2024-11-10 13:36:00,15.181861
2024-11-10 13:37:00,15.194862
2024-11-10 13:38:00,15.199196
2024-11-10 13:39:00,15.205694
2024-11-10 13:40:00,15.23169
2024-11-10 13:41:00,15.229535
2024-11-10 13:42:00,15.220855
2024-11-10 13:43:00,15.209994
2024-11-10 13:44:00,15.196966
2024-11-10 13:45:00,15.206041
2024-11-10 13:46:00,15.177854
2024-11-10 13:47:00,15.175673
2024-11-10 13:48:00,15.169177
2024-11-10 13:49:00,15.16919
2024-11-10 13:50:00,14.836385
2024-11-10 13:51:00,14.838572
2024-11-10 13:52:00,14.855912
2024-11-10 13:53:00,14.868923
2024-11-10 13:54:00,14.871106
2024-11-10 13:55:00,14.881957
2024-11-10 13:56:00,14.888465
2024-11-10 13:57:00,14.901465
2024-11-10 13:58:00,14.925293
2024-11-10 13:59:00,14.936123
2024-11-10 14:00:00,15.010881
2024-11-10 14:01:00,14.9935465
2024-11-10 14:02:00,14.989187
2024-11-10 14:03:00,14.9739895
2024-11-10 14:04:00,15.035657
2024-11-10 14:05:00,15.2864065
2024-11-10 14:06:00,15.273413
2024-11-10 14:07:00,15.212713
2024-11-10 14:08:00,15.162815
2024-11-10 14:09:00,15.128109
2024-11-10 14:10:00,15.106416
2024-11-10 14:11:00,15.097716
2024-11-10 14:12:00,15.091183
2024-11-10 14:13:00,15.088997
2024-11-10 14:14:00,15.088986
2024-11-10 14:15:00,15.134793
2024-11-10 14:16:00,15.149265
2024-11-10 14:17:00,15.149258
2024-11-10 14:18:00,15.151412
2024-11-10 14:19:00,15.144904
2024-11-10 14:20:00,15.475529
2024-11-10 14:21:00,15.449496
2024-11-10 14:22:00,15.429958
2024-11-10 14:23:00,15.423422
2024-11-10 14:24:00,15.393076
2024-11-10 14:25:00,15.386572
2024-11-10 14:26:00,15.38441
2024-11-10 14:27:00,15.397772
2024-11-10 14:28:00,15.718509
2024-11-10 14:29:00,15.781312
2024-11-10 14:30:00,15.658546
2024-11-10 14:31:00,15.61301
2024-11-10 14:32:00,15.578301
2024-11-10 14:33:00,15.558771
2024-11-10 14:34:00,15.554632
2024-11-10 14:35:00,15.543215
2024-11-10 14:36:00,15.530142
2024-11-10 14:37:00,15.554351
2024-11-10 14:38:00,15.541345
2024-11-10 14:39:00,15.534808
2024-11-10 14:40:00,15.506605
2024-11-10 14:41:00,15.495724
2024-11-10 14:42:00,15.471846
2024-11-10 14:43:00,15.458797
2024-11-10 14:44:00,15.452182
2024-11-10 14:45:00,15.237578
2024-11-10 14:46:00,15.221913
2024-11-10 14:47:00,15.230588
2024-11-10 14:48:00,15.232774
2024-11-10 14:49:00,15.221965
2024-11-10 14:50:00,15.55482
2024-11-10 14:51:00,15.572149
2024-11-10 14:52:00,15.572162
2024-11-10 14:53:00,15.57218
2024-11-10 14:54:00,15.578699
2024-11-10 14:55:00,15.593949
2024-11-10 14:56:00,15.5896
2024-11-10 14:57:00,15.58959
2024-11-10 14:58:00,15.580853
2024-11-10 14:59:00,15.580323
2024-11-10 15:00:00,15.005802
2024-11-10 15:01:00,14.965451
2024-11-10 15:02:00,14.956767
2024-11-10 15:03:00,14.950277
2024-11-10 15:04:00,14.94813
2024-11-10 15:05:00,14.956811
2024-11-10 15:06:00,14.96333
2024-11-10 15:07:00,14.956834
2024-11-10 15:08:00,14.948151
2024-11-10 15:09:00,14.945943
2024-11-10 15:10:00,14.93508
2024-11-10 15:11:00,14.916216
2024-11-10 15:12:00,14.919773
2024-11-10 15:13:00,14.920271
2024-11-10 15:14:00,14.928578
2024-11-10 15:15:00,14.818336
2024-11-10 15:16:00,14.818372
2024-11-10 15:17:00,14.83139
2024-11-10 15:18:00,14.833574
2024-11-10 15:19:00,14.8400955
2024-11-10 15:20:00,14.533271
2024-11-10 15:21:00,14.537616
2024-11-10 15:22:00,14.539795
2024-11-10 15:23:00,14.548478
2024-11-10 15:24:00,14.559317
2024-11-10 15:25:00,14.554989
2024-11-10 15:26:00,14.550639
2024-11-10 15:27:00,14.54627
2024-11-10 15:28:00,14.535401
2024-11-10 15:29:00,14.509375
2024-11-10 15:30:00,14.401277
2024-11-10 15:31:00,14.392585
2024-11-10 15:32:00,14.386084
2024-11-10 15:33:00,14.373091
2024-11-10 15:34:00,14.362285
2024-11-10 15:35:00,14.379636
2024-11-10 15:36:00,14.388318
2024-11-10 15:37:00,14.394846
2024-11-10 15:38:00,14.397028
2024-11-10 15:39:00,14.405711
2024-11-10 15:40:00,14.416555
2024-11-10 15:41:00,14.431732
2024-11-10 15:42:00,14.442576
2024-11-10 15:43:00,14.444763
2024-11-10 15:44:00,14.444766
2024-11-10 15:45:00,14.38681
2024-11-10 15:46:00,14.384613
2024-11-10 15:47:00,14.369405
2024-11-10 15:48:00,14.352036
2024-11-10 15:49:00,14.345495
2024-11-10 15:50:00,14.671797
2024-11-10 15:51:00,14.6588
2024-11-10 15:52:00,14.658814
2024-11-10 15:53:00,14.658824
2024-11-10 15:54:00,14.663184
2024-11-10 15:55:00,14.667542
2024-11-10 15:56:00,14.6719055
2024-11-10 15:57:00,14.684926
2024-11-10 15:58:00,14.691446
2024-11-10 15:59:00,14.71095
2024-11-10 16:00:00,14.712765
2024-11-10 16:01:00,14.712776
2024-11-10 16:02:00,14.71712
2024-11-10 16:03:00,14.719293
2024-11-10 16:04:00,14.710509
2024-11-10 16:05:00,14.7084055
2024-11-10 16:06:00,14.706189
2024-11-10 16:07:00,14.6909895
2024-11-10 16:08:00,14.671458
2024-11-10 16:09:00,14.662771
2024-11-10 16:10:00,14.65844
2024-11-10 16:11:00,14.660613
2024-11-10 16:12:00,14.662795
2024-11-10 16:13:00,14.662824
2024-11-10 16:14:00,14.665014
2024-11-10 16:15:00,14.585154
2024-11-10 16:16:00,14.608999
2024-11-10 16:17:00,14.617676
2024-11-10 16:18:00,14.630687
2024-11-10 16:19:00,14.63287
2024-11-10 16:20:00,14.639377
2024-11-10 16:21:00,14.656717
2024-11-10 16:22:00,14.652384
2024-11-10 16:23:00,14.635034
2024-11-10 16:24:00,14.626326
2024-11-10 16:25:00,14.626285
2024-11-10 16:26:00,14.606748
2024-11-10 16:27:00,14.5958805
2024-11-10 16:28:00,14.582866
2024-11-10 16:29:00,14.5807085
2024-11-10 16:30:00,14.5171175
2024-11-10 16:31:00,14.517144
2024-11-10 16:32:00,14.517169
2024-11-10 16:33:00,14.517194
2024-11-10 16:34:00,14.532373
2024-11-10 16:35:00,14.545394
2024-11-10 16:36:00,14.564905
2024-11-10 16:37:00,14.56492
2024-11-10 16:38:00,14.567105
2024-11-10 16:39:00,14.573612
2024-11-10 16:40:00,14.582293
2024-11-10 16:41:00,14.577962
2024-11-10 16:42:00,14.569282
2024-11-10 16:43:00,14.564907
2024-11-10 16:44:00,14.554027
2024-11-10 16:45:00,14.491678
2024-11-10 16:46:00,14.482975
2024-11-10 16:47:00,14.467787
2024-11-10 16:48:00,14.465616
2024-11-10 16:49:00,14.463458
2024-11-10 16:50:00,14.459149
2024-11-10 16:51:00,14.459175
2024-11-10 16:52:00,14.463532
2024-11-10 16:53:00,14.470057
2024-11-10 16:54:00,14.474608
2024-11-10 16:55:00,14.487427
2024-11-10 16:56:00,14.498277
2024-11-10 16:57:00,14.50695
2024-11-10 16:58:00,14.509137
2024-11-10 16:59:00,14.524305
2024-11-10 17:00:00,14.511458
2024-11-10 17:01:00,14.508701
2024-11-10 17:02:00,14.506517
2024-11-10 17:03:00,14.495652
2024-11-10 17:04:00,14.480446
2024-11-10 17:05:00,14.46957
2024-11-10 17:06:00,14.458711
2024-11-10 17:07:00,14.439208
2024-11-10 17:08:00,14.450036
2024-11-10 17:09:00,14.450049
2024-11-10 17:10:00,14.445737
2024-11-10 17:11:00,14.454327
2024-11-10 17:12:00,14.456618
2024-11-10 17:13:00,14.458802
2024-11-10 17:14:00,14.4696455
2024-11-10 17:15:00,14.433393
2024-11-10 17:16:00,14.444065
2024-11-10 17:17:00,14.452748
2024-11-10 17:18:00,14.4462595
2024-11-10 17:19:00,14.454939
2024-11-10 17:20:00,14.122117
2024-11-10 17:21:00,14.119931
2024-11-10 17:22:00,14.106897
2024-11-10 17:23:00,14.104689
2024-11-10 17:24:00,14.080817
2024-11-10 17:25:00,14.072113
2024-11-10 17:26:00,14.063426
2024-11-10 17:27:00,14.063418
2024-11-10 17:28:00,14.052605
2024-11-10 17:29:00,14.054789
2024-11-10 17:30:00,14.011911
2024-11-10 17:31:00,14.009769
2024-11-10 17:32:00,14.016289
2024-11-10 17:33:00,14.0271435
2024-11-10 17:34:00,14.035829
2024-11-10 17:35:00,14.042341
2024-11-10 17:36:00,14.053183
2024-11-10 17:37:00,14.057529
2024-11-10 17:38:00,14.066107
2024-11-10 17:39:00,14.068379
2024-11-10 17:40:00,14.064044
2024-11-10 17:41:00,14.055348
2024-11-10 17:42:00,14.042315
2024-11-10 17:43:00,14.031441
2024-11-10 17:44:00,14.020568
2024-11-10 17:45:00,13.955818
2024-11-10 17:46:00,13.953638
2024-11-10 17:47:00,13.942814
2024-11-10 17:48:00,13.947161
2024-11-10 17:49:00,13.947187
2024-11-10 17:50:00,14.286539
2024-11-10 17:51:00,14.295223
2024-11-10 17:52:00,14.299574
2024-11-10 17:53:00,14.312595
2024-11-10 17:54:00,14.323443
2024-11-10 17:55:00,14.32218
2024-11-10 17:56:00,14.329966
2024-11-10 17:57:00,14.34514
2024-11-10 17:58:00,14.342987
2024-11-10 17:59:00,14.349488
2024-11-10 18:00:00,14.255321
2024-11-10 18:01:00,14.244696
2024-11-10 18:02:00,14.214335
2024-11-10 18:03:00,14.205628
2024-11-10 18:04:00,14.194757
2024-11-10 18:05:00,14.179572
2024-11-10 18:06:00,14.173065
2024-11-10 18:07:00,14.164416
2024-11-10 18:08:00,14.170935
2024-11-10 18:09:00,14.166632
2024-11-10 18:10:00,14.175316
2024-11-10 18:11:00,14.186164
2024-11-10 18:12:00,14.197019
2024-11-10 18:13:00,14.210039
2024-11-10 18:14:00,14.212219
2024-11-10 18:15:00,14.18883
2024-11-10 18:16:00,14.206171
2024-11-10 18:17:00,14.214263
2024-11-10 18:18:00,14.2143135
2024-11-10 18:19:00,14.211892
2024-11-10 18:20:00,14.199662
2024-11-10 18:21:00,14.186601
2024-11-10 18:22:00,14.196468
2024-11-10 18:23:00,14.186625
2024-11-10 18:24:00,14.177971
2024-11-10 18:25:00,14.180149
2024-11-10 18:26:00,14.180153
2024-11-10 18:27:00,14.169309
2024-11-10 18:28:00,14.167108
2024-11-10 18:29:00,14.144425
2024-11-10 18:30:00,13.951382
2024-11-10 18:31:00,13.939595
2024-11-10 18:32:00,13.939631
2024-11-10 18:33:00,13.93569
2024-11-10 18:34:00,13.931818
2024-11-10 18:35:00,13.941354
2024-11-10 18:36:00,13.943138
2024-11-10 18:37:00,13.951442
2024-11-10 18:38:00,13.969885
2024-11-10 18:39:00,13.973366
2024-11-10 18:40:00,13.990928
2024-11-10 18:41:00,13.994704
2024-11-10 18:42:00,14.003723
2024-11-10 18:43:00,14.015406
2024-11-10 18:44:00,14.019681
2024-11-10 18:45:00,14.040147
2024-11-10 18:46:00,14.026045
2024-11-10 18:47:00,14.013952
2024-11-10 18:48:00,13.998789
2024-11-10 18:49:00,13.989261
2024-11-10 18:50:00,13.973859
2024-11-10 18:51:00,13.956896
2024-11-10 18:52:00,13.94931
2024-11-10 18:53:00,13.943454
2024-11-10 18:54:00,13.941397
2024-11-10 18:55:00,13.942966
2024-11-10 18:56:00,13.942451
2024-11-10 18:57:00,13.953193
2024-11-10 18:58:00,13.959666
2024-11-10 18:59:00,13.974647
2024-11-10 19:00:00,13.976817
2024-11-10 19:01:00,13.991791
2024-11-10 19:02:00,14.003018
2024-11-10 19:03:00,14.000423
2024-11-10 19:04:00,14.00472
2024-11-10 19:05:00,14.013293
2024-11-10 19:06:00,14.004745
2024-11-10 19:07:00,13.998246
2024-11-10 19:08:00,13.993839
2024-11-10 19:09:00,13.98302
2024-11-10 19:10:00,13.955186
2024-11-10 19:11:00,13.948693
2024-11-10 19:12:00,13.935568
2024-11-10 19:13:00,13.935862
2024-11-10 19:14:00,13.933781
2024-11-10 19:15:00,13.942362
2024-11-10 19:16:00,13.942427
2024-11-10 19:17:00,13.946783
2024-11-10 19:18:00,13.957509
2024-11-10 19:19:00,13.953291
2024-11-10 19:20:00,13.6324
2024-11-10 19:21:00,13.65624
2024-11-10 19:22:00,13.660584
2024-11-10 19:23:00,13.673594
2024-11-10 19:24:00,13.66711
2024-11-10 19:25:00,13.665243
2024-11-10 19:26:00,13.671432
2024-11-10 19:27:00,13.662737
2024-11-10 19:28:00,13.656192
2024-11-10 19:29:00,13.640988
2024-11-10 19:30:00,13.619287
2024-11-10 19:31:00,13.608436
2024-11-10 19:32:00,13.586426
2024-11-10 19:33:00,13.819267
2024-11-10 19:34:00,14.432007
2024-11-10 19:35:00,14.420007
2024-11-10 19:36:00,14.697181
2024-11-10 19:37:00,15.278602
2024-11-10 19:38:00,15.264422
2024-11-10 19:39:00,15.138089
2024-11-10 19:40:00,15.027561
2024-11-10 19:41:00,14.910615
2024-11-10 19:42:00,14.793671
2024-11-10 19:43:00,14.672394
2024-11-10 19:44:00,14.568408
2024-11-10 19:45:00,14.483908
2024-11-10 19:46:00,14.408093
2024-11-10 19:47:00,14.35394
2024-11-10 19:48:00,14.310809
2024-11-10 19:49:00,14.267294
2024-11-10 19:50:00,14.25429
2024-11-10 19:51:00,14.221792
2024-11-10 19:52:00,14.204454
2024-11-10 19:53:00,14.195781
2024-11-10 19:54:00,14.180606
2024-11-10 19:55:00,14.1589365
2024-11-10 19:56:00,14.1567545
2024-11-10 19:57:00,14.154577
2024-11-10 19:58:00,14.130737
2024-11-10 19:59:00,14.109153
2024-11-10 20:00:00,14.096014
2024-11-10 20:01:00,14.061313
2024-11-10 20:02:00,14.052607
2024-11-10 20:03:00,14.030908
2024-11-10 20:04:00,14.00706
2024-11-10 20:05:00,13.989734
2024-11-10 20:06:00,13.968075
2024-11-10 20:07:00,13.957262
2024-11-10 20:08:00,13.952935
2024-11-10 20:09:00,13.944284
2024-11-10 20:10:00,13.950793
2024-11-10 20:11:00,13.939191
2024-11-10 20:12:00,13.929159
2024-11-10 20:13:00,13.933502
2024-11-10 20:14:00,13.922686
2024-11-10 20:15:00,13.922693
2024-11-10 20:16:00,13.916203
2024-11-10 20:17:00,13.905351
2024-11-10 20:18:00,13.896647
2024-11-10 20:19:00,13.866271
2024-11-10 20:20:00,13.853229
2024-11-10 20:21:00,13.841674
2024-11-10 20:22:00,13.809857
2024-11-10 20:23:00,13.805526
2024-11-10 20:24:00,13.796876
2024-11-10 20:25:00,13.783904
2024-11-10 20:26:00,13.783929
2024-11-10 20:27:00,13.770966
2024-11-10 20:28:00,13.773155
2024-11-10 20:29:00,13.786166
2024-11-10 20:30:00,13.775357
2024-11-10 20:31:00,13.792715
2024-11-10 20:32:00,13.794902
2024-11-10 20:33:00,13.801116
2024-11-10 20:34:00,13.803585
2024-11-10 20:35:00,13.781928
2024-11-10 20:36:00,13.766741
2024-11-10 20:37:00,13.753687
2024-11-10 20:38:00,13.7341385
2024-11-10 20:39:00,13.710269
2024-11-10 20:40:00,13.699401
2024-11-10 20:41:00,13.684234
2024-11-10 20:42:00,13.673417
2024-11-10 20:43:00,13.665071
2024-11-10 20:44:00,13.664792
2024-11-10 20:45:00,13.666996
2024-11-10 20:46:00,13.669184
2024-11-10 20:47:00,13.677877
2024-11-10 20:48:00,13.684398
2024-11-10 20:49:00,13.686581
2024-11-10 20:50:00,13.347278
2024-11-10 20:51:00,13.355954
2024-11-10 20:52:00,13.368974
2024-11-10 20:53:00,13.371154
2024-11-10 20:54:00,13.364654
2024-11-10 20:55:00,13.341479
2024-11-10 20:56:00,13.342898
2024-11-10 20:57:00,13.323343
2024-11-10 20:58:00,13.290808
2024-11-10 20:59:00,13.277784
2024-11-10 21:00:00,13.271276
2024-11-10 21:01:00,13.26695
2024-11-10 21:02:00,13.251806
2024-11-10 21:03:00,13.251841
2024-11-10 21:04:00,13.267032
2024-11-10 21:05:00,13.262727
2024-11-10 21:06:00,13.271219
2024-11-10 21:07:00,13.264943
2024-11-10 21:08:00,13.275788
2024-11-10 21:09:00,13.280144
2024-11-10 21:10:00,13.280161
2024-11-10 21:11:00,13.295332
2024-11-10 21:12:00,13.306186
2024-11-10 21:13:00,13.310524
2024-11-10 21:14:00,13.301836
2024-11-10 21:15:00,13.2803335
2024-11-10 21:16:00,13.27575
2024-11-10 21:17:00,13.247545
2024-11-10 21:18:00,13.236668
2024-11-10 21:19:00,13.225806
2024-11-10 21:20:00,13.047065
2024-11-10 21:21:00,13.040579
2024-11-10 21:22:00,13.042771
2024-11-10 21:23:00,13.028524
2024-11-10 21:24:00,13.047159
2024-11-10 21:25:00,13.047187
2024-11-10 21:26:00,13.045048
2024-11-10 21:27:00,13.058067
2024-11-10 21:28:00,13.062422
2024-11-10 21:29:00,13.073272
2024-11-10 21:30:00,13.086281
2024-11-10 21:31:00,13.090627
2024-11-10 21:32:00,13.089855
2024-11-10 21:33:00,13.08413
2024-11-10 21:34:00,13.068927
2024-11-10 21:35:00,13.064541
2024-11-10 21:36:00,13.051493
2024-11-10 21:37:00,13.014615
2024-11-10 21:38:00,13.01675
2024-11-10 21:39:00,13.008077
2024-11-10 21:40:00,13.005823
2024-11-10 21:41:00,12.995117
2024-11-10 21:42:00,12.997311
2024-11-10 21:43:00,12.997341
2024-11-10 21:44:00,13.003866
2024-11-10 21:45:00,13.00605
2024-11-10 21:46:00,13.010412
2024-11-10 21:47:00,13.023431
2024-11-10 21:48:00,13.038606
2024-11-10 21:49:00,13.042273
2024-11-10 21:50:00,12.723145
2024-11-10 21:51:00,12.725329
2024-11-10 21:52:00,12.723167
2024-11-10 21:53:00,12.723132
2024-11-10 21:54:00,12.699264
2024-11-10 21:55:00,12.686211
2024-11-10 21:56:00,12.670795
2024-11-10 21:57:00,12.657955
2024-11-10 21:58:00,12.634109
2024-11-10 21:59:00,12.631944
2024-11-10 22:00:00,12.645703
2024-11-10 22:01:00,12.849128
2024-11-10 22:02:00,12.875116
2024-11-10 22:03:00,12.829615
2024-11-10 22:04:00,12.811637
2024-11-10 22:05:00,12.786194
2024-11-10 22:06:00,12.777491
2024-11-10 22:07:00,12.775291
2024-11-10 22:08:00,12.7752695
2024-11-10 22:09:00,12.773092
2024-11-10 22:10:00,12.770917
2024-11-10 22:11:00,12.757901
2024-11-10 22:12:00,12.753519
2024-11-10 22:13:00,12.732085
2024-11-10 22:14:00,12.718737
2024-11-10 22:15:00,12.705682
2024-11-10 22:16:00,12.679647
2024-11-10 22:17:00,12.673144
2024-11-10 22:18:00,12.673144
2024-11-10 22:19:00,12.746399
2024-11-10 22:20:00,12.524964
2024-11-10 22:21:00,12.514129
2024-11-10 22:22:00,12.49024
2024-11-10 22:23:00,12.474234
2024-11-10 22:24:00,12.444654
2024-11-10 22:25:00,12.45328
2024-11-10 22:26:00,12.448928
2024-11-10 22:27:00,12.446753
2024-11-10 22:28:00,12.448913
2024-11-10 22:29:00,12.440239
2024-11-10 22:30:00,12.431543
2024-11-10 22:31:00,12.426467
2024-11-10 22:32:00,12.4076
2024-11-10 22:33:00,12.394541
2024-11-10 22:34:00,12.377171
2024-11-10 22:35:00,12.348986
2024-11-10 22:36:00,12.342483
2024-11-10 22:37:00,12.340328
2024-11-10 22:38:00,12.340352
2024-11-10 22:39:00,12.3425455
2024-11-10 22:40:00,12.338233
2024-11-10 22:41:00,12.346914
2024-11-10 22:42:00,12.353438
2024-11-10 22:43:00,12.355628
2024-11-10 22:44:00,12.375139
2024-11-10 22:45:00,12.379485
2024-11-10 22:46:00,12.392499
2024-11-10 22:47:00,12.3860235
2024-11-10 22:48:00,12.3925295
2024-11-10 22:49:00,12.381683
2024-11-10 22:50:00,12.357816
2024-11-10 22:51:00,12.355591
2024-11-10 22:52:00,12.340369
2024-11-10 22:53:00,12.319846
2024-11-10 22:54:00,12.305644
2024-11-10 22:55:00,12.294803
2024-11-10 22:56:00,12.292644
2024-11-10 22:57:00,12.288341
2024-11-10 22:58:00,12.288367
2024-11-10 22:59:00,12.294898
2024-11-10 23:00:00,12.299549
2024-11-10 23:01:00,12.301449
2024-11-10 23:02:00,12.307966
2024-11-10 23:03:00,12.320988
2024-11-10 23:04:00,12.336169
2024-11-10 23:05:00,12.340519
2024-11-10 23:06:00,12.340535
2024-11-10 23:07:00,12.347055
2024-11-10 23:08:00,12.338189
2024-11-10 23:09:00,12.331859
2024-11-10 23:10:00,12.331801
2024-11-10 23:11:00,12.301418
2024-11-10 23:12:00,12.299195
2024-11-10 23:13:00,12.288329
2024-11-10 23:14:00,12.277478
2024-11-10 23:15:00,12.251331
2024-11-10 23:16:00,12.519437
2024-11-10 23:17:00,12.74153
2024-11-10 23:18:00,12.730702
2024-11-10 23:19:00,12.680399
2024-11-10 23:20:00,12.615922
2024-11-10 23:21:00,12.566097
2024-11-10 23:22:00,12.537904
2024-11-10 23:23:00,12.5140505
2024-11-10 23:24:00,12.494531
2024-11-10 23:25:00,12.490179
2024-11-10 23:26:00,12.474992
2024-11-10 23:27:00,12.451529
2024-11-10 23:28:00,12.440273
2024-11-10 23:29:00,12.429382
2024-11-10 23:30:00,12.394636
2024-11-10 23:31:00,12.390245
2024-11-10 23:32:00,12.3837185
2024-11-10 23:33:00,12.362058
2024-11-10 23:34:00,12.359897
2024-11-10 23:35:00,12.356168
2024-11-10 23:36:00,12.357761
2024-11-10 23:37:00,12.362115
2024-11-10 23:38:00,12.368631
2024-11-10 23:39:00,12.38165
2024-11-10 23:40:00,12.388165
2024-11-10 23:41:00,12.388186
2024-11-10 23:42:00,12.392532
2024-11-10 23:43:00,12.394709
2024-11-10 23:44:00,12.392557
2024-11-10 23:45:00,12.390377
2024-11-10 23:46:00,12.383847
2024-11-10 23:47:00,12.366454
2024-11-10 23:48:00,12.340301
2024-11-10 23:49:00,12.327349
2024-11-10 23:50:00,11.97932
2024-11-10 23:51:00,11.964151
2024-11-10 23:52:00,11.966319
2024-11-10 23:53:00,11.95984
2024-11-10 23:54:00,11.959875
2024-11-10 23:55:00,11.962076
2024-11-10 23:56:00,11.962197
2024-11-10 23:57:00,11.9642935
2024-11-10 23:58:00,11.968653
2024-11-10 23:59:00,11.977343
